part_number,status
3VA1140-3EF32-0AA0,NOT IN OLD CATALOGUE
0292460000,FOUND EXACTLY
5SY6225-7CC,FOUND EXACTLY
5SL4225-7CC,FOUND EXACTLY
3VA1196-3ED22-0AA0,FOUND EXACTLY
U24O250EKT,FOUND - FORMAT DIFFERENCE
U4848G250ECT-XM1XX,NOT IN OLD CATALOGUE
3VA2010-5HN32-0AA0,FOUND EXACTLY
3RT2926-1BC00,FOUND EXACTLY
U4848G250ECT-SM1XX,FOUND - FORMAT DIFFERENCE
3RW4038-1BB04,NOT IN OLD CATALOGUE
6EP3333-6SB00-0AY0,NOT IN OLD CATALOGUE
3SU1103-0AB30-1BA0,FOUND EXACTLY
3VA1120-5ED22-0AA0,FOUND EXACTLY
PB-M-RED,FOUND EXACTLY
U96O250EKT-SMXXX,NOT IN OLD CATALOGUE
3SE5250-0CC05,NOT IN OLD CATALOGUE
U4218G250ECT-XM1XX,NOT IN OLD CATALOGUE
3WL9111-0AT46-0AA0,NOT IN OLD CATALOGUE
6ED1055-1MM00-0BA2,FOUND EXACTLY
1020240000,NOT IN OLD CATALOGUE
U1212G250ECT-XMXXX,NOT IN OLD CATALOGUE
3VA9988-0AB12,FOUND EXACTLY
5SY4210-7CC,FOUND EXACTLY
U48O250ECT-SM1XX,NOT IN OLD CATALOGUE
3VA2025-6HM32-0AA0,FOUND EXACTLY
5ST3031,FOUND EXACTLY
5SV9316-7PK06,FOUND EXACTLY
6SL3210-1KE21-7AF1,FOUND EXACTLY
U72G250EKT-SMXXX,FOUND - FORMAT DIFFERENCE
3VA1116-3ED12-0AA0,FOUND EXACTLY
5SL4303-7CC,NOT IN OLD CATALOGUE
3VA1132-6EF32-0AA0,FOUND EXACTLY
5SL4304-7CC,FOUND EXACTLY
3SU1401-2BC40-1AA0,FOUND EXACTLY
U3018G250EKT-XM2XX,NOT IN OLD CATALOGUE
3SU1401-1BG60-1AA0,NOT IN OLD CATALOGUE
1010000000,FOUND EXACTLY
5SY6101-7CC,FOUND EXACTLY
5TL1163-0,NOT IN OLD CATALOGUE
7760056102,NOT IN OLD CATALOGUE
5SL6106-7CC,FOUND EXACTLY
2838430000,NOT IN OLD CATALOGUE
1059100000,FOUND EXACTLY
5SY4340-7CC,FOUND EXACTLY
6SL3210-1KE15-8AF2,FOUND EXACTLY
3VA1140-5EE32-0AA0,FOUND EXACTLY
3VA2116-5HL32-0AA0,FOUND EXACTLY
3SU1106-0AB40-1BA0,FOUND EXACTLY
3SU1153-0AB20-1CA0,FOUND EXACTLY
1052060000,FOUND EXACTLY
U3636O250EKT-SMXXX,NOT IN OLD CATALOGUE
3VA1150-3ED12-0AA0,FOUND EXACTLY
3VA1216-5EF32-0AA0,FOUND EXACTLY
3RA2921-1BA00,FOUND EXACTLY
1020210000,NOT IN OLD CATALOGUE
3VA1120-4EF32-0AA0,NOT IN OLD CATALOGUE
1220250000,NOT IN OLD CATALOGUE
3VA2010-5HL32-0AA0,FOUND EXACTLY
3VA1125-3EF32-0AA0,NOT IN OLD CATALOGUE
7760056064,NOT IN OLD CATALOGUE
IND-M-230-GRN,FOUND EXACTLY
1027070000,NOT IN OLD CATALOGUE
5TL1380-0,NOT IN OLD CATALOGUE
3VA9401-0WG30,FOUND EXACTLY
3VA2712-6AC03-0AA0,FOUND EXACTLY
3SU1060-0JB40-0AA0,FOUND EXACTLY
7760056092,NOT IN OLD CATALOGUE
U24O250EKT-SMXXX,NOT IN OLD CATALOGUE
5SL4250-7CC,FOUND EXACTLY
3VA2010-5HL36-0AA0,NOT IN OLD CATALOGUE
3VA2510-5HN42-0AA0,NOT IN OLD CATALOGUE
3VA1150-4ED22-0AA0,FOUND EXACTLY
3VA1150-5ED12-0AA0,FOUND EXACTLY
3VA1216-4EF42-0AA0,NOT IN OLD CATALOGUE
3VA1110-5ED12-0AA0,FOUND EXACTLY
3VA9211-0WD30,FOUND EXACTLY
3VA1196-3EE32-0AA0,FOUND EXACTLY
U60O250EKT-SMXXX,NOT IN OLD CATALOGUE
3SU1550-0AA10-0AA0,FOUND EXACTLY
3VA2580-5HN32-0AA0,FOUND EXACTLY
U36G250EKT-SXXXX,NOT IN OLD CATALOGUE
3VA2225-6HN32-0AA0,FOUND EXACTLY
3VA1132-5EE32-0AA0,FOUND EXACTLY
6SL3203-0CE23-8AA0,NOT IN OLD CATALOGUE
1020290000,NOT IN OLD CATALOGUE
5SY6106-7CC,FOUND EXACTLY
5SY4304-7CC,FOUND EXACTLY
3VA2063-7HL32-0AA0,NOT IN OLD CATALOGUE
3VA2225-8HL32-0AA0,NOT IN OLD CATALOGUE
3321207,FOUND EXACTLY
U24G250EKT,FOUND EXACTLY
3RT2038-1AV00,NOT IN OLD CATALOGUE
3RA2921-1A,NOT IN OLD CATALOGUE
3VA9483-0QB00,FOUND EXACTLY
1020300000,FOUND EXACTLY
3RB3016-1PB0,FOUND EXACTLY
3VA2510-6HL32-0AA0,FOUND EXACTLY
5SL4240-7CC,FOUND EXACTLY
U84O250ECT-SXXXX,NOT IN OLD CATALOGUE
5TL1192-0,NOT IN OLD CATALOGUE
3SU1153-0AB40-1BA0,FOUND EXACTLY
3SU1156-6AA60-1AA0,FOUND EXACTLY
1478120000,FOUND EXACTLY
3323107,FOUND EXACTLY
6SL3255-0VC00-0HA0,NOT IN OLD CATALOGUE
U2412G250EKT-XMXXX,NOT IN OLD CATALOGUE
3VA9221-0WD30,FOUND EXACTLY
5ST3643,NOT IN OLD CATALOGUE
3VA9221-0WG30,FOUND EXACTLY
3VA1125-4EF42-0AA0,NOT IN OLD CATALOGUE
3VA1110-3EF32-0AA0,NOT IN OLD CATALOGUE
U72G250EKT,FOUND EXACTLY
7760056078,NOT IN OLD CATALOGUE
3SU1401-2BB20-1AA0,FOUND EXACTLY
2561900000,FOUND EXACTLY
3VA2025-6HL32-0AA0,FOUND EXACTLY
3VA1463-4EF32-0AA0,FOUND EXACTLY
3SU1401-2BF60-1AA0,FOUND EXACTLY
U60O250EKT-SXXXX,NOT IN OLD CATALOGUE
3VA1132-3EF32-0AA0,NOT IN OLD CATALOGUE
5SY4204-7CC,FOUND EXACTLY
3WA9111-0AE07,NOT IN OLD CATALOGUE
3RT2024-1BP40,NOT IN OLD CATALOGUE
5SL6225-7CC,FOUND EXACTLY
3RT2028-1AP00,NOT IN OLD CATALOGUE
5SL6201-7CC,FOUND EXACTLY
3RB3036-1UB0,FOUND EXACTLY
3RT2028-1AV00,NOT IN OLD CATALOGUE
3VA1140-5ED12-0AA0,FOUND EXACTLY
3SU1401-1BF20-1AA0,FOUND EXACTLY
3VA9263-0QC00,FOUND EXACTLY
5SY4101-7CC,FOUND EXACTLY
6SL3210-5BB13-7BV1,NOT IN OLD CATALOGUE
3RT2028-1AF00,NOT IN OLD CATALOGUE
6SL3266-1AC00-0VA0,NOT IN OLD CATALOGUE
U72O250EKT-SM1XX,NOT IN OLD CATALOGUE
3RB2163-4MC2,FOUND EXACTLY
U96O250EKT-SXXXX,NOT IN OLD CATALOGUE
1027040000,NOT IN OLD CATALOGUE
3WA9111-0AF02,NOT IN OLD CATALOGUE
3SU1102-6AA40-1AA0,FOUND EXACTLY
0122800000,FOUND EXACTLY
5SL6103-7CC,NOT IN OLD CATALOGUE
3VA2116-0HL32-0AA0,NOT IN OLD CATALOGUE
3VA1112-5ED22-0AA0,FOUND EXACTLY
3RP2505-1BW30,FOUND EXACTLY
3VA9267-0HA10,FOUND EXACTLY
U60O250ECT-SXXXX,NOT IN OLD CATALOGUE
3SU1102-6AA20-1AA0,FOUND EXACTLY
U4242O250EKT-XM2XX,NOT IN OLD CATALOGUE
5TT5842-2,NOT IN OLD CATALOGUE
3RW4028-1BB14,NOT IN OLD CATALOGUE
U72O250ECT-SM1XX,NOT IN OLD CATALOGUE
5SU9304-7KK16,FOUND EXACTLY
7760056077,NOT IN OLD CATALOGUE
3SU1100-0AB60-1BA0,FOUND EXACTLY
3SU1106-6AA50-1AA0,FOUND EXACTLY
3VA1180-5EE32-0AA0,FOUND EXACTLY
3UL2306-1A,FOUND EXACTLY
U48G250EKT-SMXXX,FOUND - FORMAT DIFFERENCE
3VA1220-5EF32-0AA0,FOUND EXACTLY
1061200000,FOUND EXACTLY
3VA2463-5HN42-0AA0,NOT IN OLD CATALOGUE
3VA1125-5EF42-0AA0,NOT IN OLD CATALOGUE
3VA2116-6HL42-0AA0,NOT IN OLD CATALOGUE
3VA1110-4ED12-0AA0,FOUND EXACTLY
3RT2028-1BB40,NOT IN OLD CATALOGUE
6SL3210-1KE23-2AF1,FOUND EXACTLY
U36G250EKT,FOUND EXACTLY
3VA2580-5HN42-0AA0,NOT IN OLD CATALOGUE
3RA1963-2A,NOT IN OLD CATALOGUE
3RW4947-8VB00,NOT IN OLD CATALOGUE
U5430O250ECT-XM2XX,NOT IN OLD CATALOGUE
3VA1163-4EE32-0AA0,FOUND EXACTLY
3WL9111-0AA51-0AA0,NOT IN OLD CATALOGUE
6SL3256-0AP00-0JA0,NOT IN OLD CATALOGUE
3UG4622-1AW30,NOT IN OLD CATALOGUE
U72O250EKT-SMXXX,NOT IN OLD CATALOGUE
1020180000,FOUND EXACTLY
3RA1973-2A,NOT IN OLD CATALOGUE
7760056090,NOT IN OLD CATALOGUE
5SU9304-7KK06,FOUND EXACTLY
3WL9111-0AH01-0AA0,NOT IN OLD CATALOGUE
5SL6120-7CC,FOUND EXACTLY
5SY6102-7CC,FOUND EXACTLY
5TT5840-0,FOUND EXACTLY
3VA1125-4ED12-0AA0,FOUND EXACTLY
5SY4116-7CC,FOUND EXACTLY
3SU1153-6AA60-1AA0,FOUND EXACTLY
3VA9267-0HC10,FOUND EXACTLY
5SY4280-7,NOT IN OLD CATALOGUE
U1818O250EKT-SMXXX,NOT IN OLD CATALOGUE
3NW6005-1,FOUND EXACTLY
3VA1220-6EF32-0AA0,FOUND EXACTLY
U48G250ECT-XMXXX,NOT IN OLD CATALOGUE
U36O250EKT-XMXXX,NOT IN OLD CATALOGUE
5SY4332-7CC,FOUND EXACTLY
3VA1120-3EE32-0AA0,FOUND EXACTLY
3SU1150-0AB40-1BA0,FOUND EXACTLY
5TL1663-0,NOT IN OLD CATALOGUE
3VA1125-6EF32-0AA0,FOUND EXACTLY
6EP3321-6SB00-0AY0,NOT IN OLD CATALOGUE
6EP3310-6SB00-0AY0,NOT IN OLD CATALOGUE
3SU1061-0JD40-0AA0,FOUND EXACTLY
U18O250ECT-SXXXX,NOT IN OLD CATALOGUE
LK11,FOUND EXACTLY
3VA2040-5HL36-0AA0,NOT IN OLD CATALOGUE
6SL3201-0BE23-8AA0,NOT IN OLD CATALOGUE
5ST3708,NOT IN OLD CATALOGUE
5ST3043,FOUND EXACTLY
5SL4206-7CC,FOUND EXACTLY
3RT2916-1CC00,NOT IN OLD CATALOGUE
3VA1196-6EF32-0AA0,FOUND EXACTLY
3RT2026-1AP00,NOT IN OLD CATALOGUE
U60O250EKT-XMXXX,NOT IN OLD CATALOGUE
5SY6103-7CC,NOT IN OLD CATALOGUE
6SL3210-5BE31-1CV0,FOUND EXACTLY
1020140000,NOT IN OLD CATALOGUE
6SL3201-2AD20-8VA0,NOT IN OLD CATALOGUE
DBEMLTK25KE,NOT IN OLD CATALOGUE
1020280000,FOUND EXACTLY
3SU1900-0KG10-0AA0,FOUND EXACTLY
3VA2710-7AC03-0AA0,NOT IN OLD CATALOGUE
1133630000,NOT IN OLD CATALOGUE
3VA2463-6HN32-0AA0,FOUND EXACTLY
3VA1116-3ED22-0AA0,FOUND EXACTLY
U5430G250ECT-XM2XX,NOT IN OLD CATALOGUE
3VA1120-5EE32-0AA0,FOUND EXACTLY
3VA1163-5EF42-0AA0,NOT IN OLD CATALOGUE
U4242O250ECT-XM2XX,NOT IN OLD CATALOGUE
5TL1692-0,NOT IN OLD CATALOGUE
5SY4150-7CC,FOUND EXACTLY
0687900000,NOT IN OLD CATALOGUE
5SY4132-7CC,FOUND EXACTLY
3VA1340-5EF32-0AA0,FOUND EXACTLY
5SY6220-7CC,FOUND EXACTLY
3SU1401-1BB50-1AA0,FOUND EXACTLY
3SU1152-0AB20-1CA0,FOUND EXACTLY
3VA1450-4EF42-0AA0,NOT IN OLD CATALOGUE
3VA2340-5HM32-0AA0,FOUND EXACTLY
5SY4106-7CC,FOUND EXACTLY
U4218O250EKT-SM1XX,NOT IN OLD CATALOGUE
5SY6150-7CC,FOUND EXACTLY
U2412O250EKT-XMXXX,NOT IN OLD CATALOGUE
3WL9111-0BA33-0AA0,NOT IN OLD CATALOGUE
ENCY25084T,FOUND EXACTLY
ENCL25012T,NOT IN OLD CATALOGUE
3VA2463-0HL32-0AA0,NOT IN OLD CATALOGUE
U1818O250ECT-SMXXX,NOT IN OLD CATALOGUE
3VW9727-0FK21,FOUND EXACTLY
3VA2216-5HL42-0AA0,NOT IN OLD CATALOGUE
1469590000,FOUND EXACTLY
3WL9111-0AA61-0AA0,NOT IN OLD CATALOGUE
1011300000,FOUND EXACTLY
U1818O250EKT-XMXXX,NOT IN OLD CATALOGUE
U84O250ECT-XMXXX,NOT IN OLD CATALOGUE
1036300000,FOUND EXACTLY
3RW4047-1BB04,NOT IN OLD CATALOGUE
3RH2911-1DA02,FOUND EXACTLY
5SU9304-7KK20,FOUND EXACTLY
U3636O250ECT-XMXXX,NOT IN OLD CATALOGUE
U60O250ECT-XMXXX,NOT IN OLD CATALOGUE
9005900000,NOT IN OLD CATALOGUE
5ST3011,FOUND EXACTLY
5ST3010,FOUND EXACTLY
U24G250ECT-XMXXX,NOT IN OLD CATALOGUE
3SU1103-6AA30-1AA0,FOUND EXACTLY
IND-M-24-RED,FOUND EXACTLY
3VA1180-3ED22-0AA0,FOUND EXACTLY
1036700000,NOT IN OLD CATALOGUE
3VA2110-5KQ32-0AA0,NOT IN OLD CATALOGUE
3VA1340-6EF32-0AA0,FOUND EXACTLY
3RB2056-1FC2,FOUND EXACTLY
3SU1401-1BB00-1AA0,NOT IN OLD CATALOGUE
3WA9111-0AE05,NOT IN OLD CATALOGUE
U84G250ECT-XMXXX,NOT IN OLD CATALOGUE
3SU1401-1BC30-1AA0,FOUND EXACTLY
U96G250EKT-SMXXX,FOUND - FORMAT DIFFERENCE
U84O250ECT-XM1XX,NOT IN OLD CATALOGUE
5SV3312-6,FOUND EXACTLY
0383400000,FOUND EXACTLY
7760056076,FOUND EXACTLY
3RB3026-1QB0,FOUND EXACTLY
1123610000,NOT IN OLD CATALOGUE
IA.20DCT-2C,NOT IN OLD CATALOGUE
7760056066,NOT IN OLD CATALOGUE
2988440000,NOT IN OLD CATALOGUE
3VA2116-6HL36-0AA0,NOT IN OLD CATALOGUE
6SE6400-4BC05-0AA0,NOT IN OLD CATALOGUE
3VA1580-5EF42-0AA0,NOT IN OLD CATALOGUE
U1212G250EKT-SMXXX,FOUND - FORMAT DIFFERENCE
3VA1163-5ED22-0AA0,FOUND EXACTLY
U4218O250ECT-XM1XX,NOT IN OLD CATALOGUE
3SU1061-0JD30-0AA0,FOUND EXACTLY
3VA2225-6HL32-0AA0,FOUND EXACTLY
5TL1263-1,NOT IN OLD CATALOGUE
U1818G250EKT-XMXXX,NOT IN OLD CATALOGUE
0485300000,NOT IN OLD CATALOGUE
5SY4301-7CC,FOUND EXACTLY
3WL9111-0AH11-0AA0,NOT IN OLD CATALOGUE
3VA1580-5EF32-0AA0,FOUND EXACTLY
3SU1153-0AB50-1BA0,FOUND EXACTLY
5SV9316-7PK16,FOUND EXACTLY
3VA2063-6HL32-0AA0,FOUND EXACTLY
3WL9111-0AT56-0AA0,NOT IN OLD CATALOGUE
5SL4316-7CC,FOUND EXACTLY
5TL1340-0,NOT IN OLD CATALOGUE
3SU1100-2BL60-1NA0,FOUND EXACTLY
1027050000,NOT IN OLD CATALOGUE
7760056094,NOT IN OLD CATALOGUE
U96G250ECT-SMXXX,NOT IN OLD CATALOGUE
3VA1110-4EF32-0AA0,NOT IN OLD CATALOGUE
6GK7177-1MA20-0AA0,FOUND EXACTLY
3VA1163-3EF32-0AA0,NOT IN OLD CATALOGUE
1820550000,FOUND EXACTLY
3RT2024-1AV00,NOT IN OLD CATALOGUE
U4848G250EKT-XM1XX,NOT IN OLD CATALOGUE
U48G250EKT-XM1XX,NOT IN OLD CATALOGUE
3RT2025-1BP40,NOT IN OLD CATALOGUE
U60G250EKT-XMXXX,NOT IN OLD CATALOGUE
3SU1152-6AA30-1AA0,FOUND EXACTLY
5SV9316-7NK25,FOUND EXACTLY
KU2V,FOUND EXACTLY
0101700000,NOT IN OLD CATALOGUE
U96O250ECT,FOUND - FORMAT DIFFERENCE
3WL9111-0BA31-0AA0,NOT IN OLD CATALOGUE
U84G250ECT-XM1XX,NOT IN OLD CATALOGUE
9005910000,FOUND EXACTLY
3NW6002-1,FOUND EXACTLY
U36O250EKT-SMXXX,NOT IN OLD CATALOGUE
1011010000,NOT IN OLD CATALOGUE
5SV9316-7NK10,FOUND EXACTLY
3VA2463-6HM32-0AA0,FOUND EXACTLY
3VA9157-0HA10,FOUND EXACTLY
5SU9354-7KK10,FOUND EXACTLY
1020100000,FOUND EXACTLY
3VA2110-6HL32-0AA0,NOT IN OLD CATALOGUE
3VA2780-5AC03-0AA0,NOT IN OLD CATALOGUE
3VA9253-0JA11,FOUND EXACTLY
U3030G250EKT-XM1XX,NOT IN OLD CATALOGUE
5SP4192-7,FOUND EXACTLY
3VA2580-5HL32-0AA0,FOUND EXACTLY
3SU1061-0JB70-0AA0,FOUND EXACTLY
3VA1112-4ED22-0AA0,FOUND EXACTLY
3321107,FOUND EXACTLY
3SU1062-2DL60-0AA0,FOUND EXACTLY
3VA1125-4ED22-0AA0,FOUND EXACTLY
U4218G250ECT-SM1XX,FOUND - FORMAT DIFFERENCE
U60O250ECT,FOUND - FORMAT DIFFERENCE
7KM5412-6BA00-1EA2,FOUND EXACTLY
U84G250EKT-SXXXX,NOT IN OLD CATALOGUE
5TL1391-0,NOT IN OLD CATALOGUE
5ST3700,NOT IN OLD CATALOGUE
IA.PC3X-35100/5A,NOT IN OLD CATALOGUE
3VA2216-6HL32-0AA0,NOT IN OLD CATALOGUE
3VA2140-5KQ32-0AA0,NOT IN OLD CATALOGUE
U18O250ECT,FOUND - FORMAT DIFFERENCE
7760056086,NOT IN OLD CATALOGUE
5ST3768-3,NOT IN OLD CATALOGUE
3VA1112-3ED12-0AA0,FOUND EXACTLY
3RB3026-1RB0,FOUND EXACTLY
5SU9354-7KK25,FOUND EXACTLY
1037700000,NOT IN OLD CATALOGUE
3VA1150-3EE32-0AA0,FOUND EXACTLY
6ED1055-1FB10-0BA2,FOUND EXACTLY
5SL4306-7CC,FOUND EXACTLY
3WL9111-0AH07-0AA0,NOT IN OLD CATALOGUE
3VA9267-0HA20,FOUND EXACTLY
5SL4363-7CC,FOUND EXACTLY
U72O250EKT-XM1XX,NOT IN OLD CATALOGUE
U4242G250EKT-SM2XX,FOUND - FORMAT DIFFERENCE
7760056093,NOT IN OLD CATALOGUE
3RT2037-1AP00,NOT IN OLD CATALOGUE
5SL4332-7CC,FOUND EXACTLY
5SL4116-7CC,FOUND EXACTLY
3NW6007-1,FOUND EXACTLY
ENCY25072U,FOUND EXACTLY
3WL9111-0AA67-0AA0,NOT IN OLD CATALOGUE
3VA2440-6HL32-0AA0,NOT IN OLD CATALOGUE
U6036G250ECT-XM1XX,NOT IN OLD CATALOGUE
3NW6230-1,FOUND - FORMAT DIFFERENCE
6SL3266-1AR00-0VA0,NOT IN OLD CATALOGUE
U18G250ECT-SXXXX,NOT IN OLD CATALOGUE
1037710000,NOT IN OLD CATALOGUE
IND-P-230-AMB,NOT IN OLD CATALOGUE
3VA2140-6HL32-0AA0,NOT IN OLD CATALOGUE
3WL9111-0AA21-0AA0,NOT IN OLD CATALOGUE
3VA9153-0QC00,FOUND EXACTLY
3VA9988-0BL10,NOT IN OLD CATALOGUE
7760056065,NOT IN OLD CATALOGUE
5SL4106-7CC,FOUND EXACTLY
3SU1152-0AB30-1BA0,FOUND EXACTLY
5SV9316-7NK32,FOUND EXACTLY
3VA1110-6EF32-0AA0,FOUND EXACTLY
PB-P-RED,FOUND EXACTLY
3RB3046-1UW1,NOT IN OLD CATALOGUE
3RT2027-1BB40,NOT IN OLD CATALOGUE
U72O250ECT,FOUND - FORMAT DIFFERENCE
3VA9111-0WD30,FOUND EXACTLY
6SL3210-5BB12-5BV1,NOT IN OLD CATALOGUE
U96G250ECT-XMXXX,NOT IN OLD CATALOGUE
3VA1180-4EE32-0AA0,FOUND EXACTLY
3VA1140-3ED12-0AA0,FOUND EXACTLY
3VA1110-5EF32-0AA0,NOT IN OLD CATALOGUE
3RT2027-1AB00,NOT IN OLD CATALOGUE
1020110000,NOT IN OLD CATALOGUE
7760056107,NOT IN OLD CATALOGUE
5SL4263-7CC,FOUND EXACTLY
3VA2163-5KP32-0AA0,NOT IN OLD CATALOGUE
3VA2325-6HL42-0AA0,NOT IN OLD CATALOGUE
3RW4024-1BB04,NOT IN OLD CATALOGUE
1020480000,FOUND EXACTLY
ENCY25084U,FOUND EXACTLY
3SK1111-1AB30,FOUND EXACTLY
U60O250EKT,FOUND - FORMAT DIFFERENCE
U1818G250ECT-XMXXX,NOT IN OLD CATALOGUE
3WL9111-0AP02-0AA0,NOT IN OLD CATALOGUE
3RT2046-1AF00,NOT IN OLD CATALOGUE
5SL6302-7CC,FOUND EXACTLY
1050000000,FOUND EXACTLY
ENCY25036T,FOUND EXACTLY
1010100000,FOUND EXACTLY
1054460000,FOUND EXACTLY
6EP3332-6SB00-0AY0,NOT IN OLD CATALOGUE
5TL1140-0,NOT IN OLD CATALOGUE
3VA1150-4ED12-0AA0,FOUND EXACTLY
3RW4046-1BB04,NOT IN OLD CATALOGUE
5SY4102-7CC,FOUND EXACTLY
3SU1103-6AA50-1AA0,FOUND EXACTLY
U60G250EKT,FOUND EXACTLY
5SL6105-7CC,NOT IN OLD CATALOGUE
3VA2216-6HL42-0AA0,NOT IN OLD CATALOGUE
5SL4110-7CC,FOUND EXACTLY
3VA9908-0BB27,NOT IN OLD CATALOGUE
5TL1132-0,NOT IN OLD CATALOGUE
3WL9111-0BB23-0AA0,NOT IN OLD CATALOGUE
5SL6206-7CC,FOUND EXACTLY
3SU1106-0AB60-1BA0,FOUND EXACTLY
3RH2911-1HA12,NOT IN OLD CATALOGUE
7760056235,NOT IN OLD CATALOGUE
3VA2225-5HL42-0AA0,NOT IN OLD CATALOGUE
3VA2063-5HL36-0AA0,NOT IN OLD CATALOGUE
3SU1152-6AA20-1AA0,FOUND EXACTLY
6SL3210-1KE12-3AF2,FOUND EXACTLY
U4242G250ECT-SM2XX,FOUND - FORMAT DIFFERENCE
U48G250ECT,FOUND EXACTLY
5SV9316-7NK06,FOUND EXACTLY
1028500000,NOT IN OLD CATALOGUE
3WA9111-0AF04,NOT IN OLD CATALOGUE
3VA2510-5HM32-0AA0,FOUND EXACTLY
U3018O250ECT-SM2XX,NOT IN OLD CATALOGUE
1165900005,FOUND EXACTLY
1084000000,FOUND EXACTLY
3RT2038-1NB34-3MA0,FOUND EXACTLY
U48O250EKT-XM1XX,NOT IN OLD CATALOGUE
3RH2911-1GA31,FOUND EXACTLY
U48G250EKT,FOUND EXACTLY
3VA1125-5ED12-0AA0,FOUND EXACTLY
U4218O250EKT-XM1XX,NOT IN OLD CATALOGUE
U6036O250EKT-SM1XX,NOT IN OLD CATALOGUE
U36O250ECT-XMXXX,NOT IN OLD CATALOGUE
3SU1150-0AB10-1BA0,FOUND EXACTLY
U24G250ECT-SMXXX,NOT IN OLD CATALOGUE
3VA1125-4EF32-0AA0,NOT IN OLD CATALOGUE
3SU1153-6AA40-1AA0,FOUND EXACTLY
1165900050,FOUND EXACTLY
5SL4120-7CC,FOUND EXACTLY
3VA2463-5KQ32-0AA0,NOT IN OLD CATALOGUE
7760056103,FOUND EXACTLY
U6036G250ECT-SM1XX,FOUND - FORMAT DIFFERENCE
6SL3210-5BE31-5CV0,FOUND EXACTLY
3WL9111-0AH12-0AA0,NOT IN OLD CATALOGUE
3SU1401-2BB60-1AA0,FOUND EXACTLY
U84G250ECT-SM1XX,FOUND - FORMAT DIFFERENCE
3WL9111-0AA52-0AA0,NOT IN OLD CATALOGUE
5SL6363-7CC,FOUND EXACTLY
PB-M-BLU,FOUND EXACTLY
U2412O250EKT-SMXXX,NOT IN OLD CATALOGUE
5SL6325-7CC,FOUND EXACTLY
3SK1211-1BB00,NOT IN OLD CATALOGUE
1068300000,NOT IN OLD CATALOGUE
3VA2463-5HM32-0AA0,FOUND EXACTLY
3VA1132-4EE32-0AA0,FOUND EXACTLY
U2412O250ECT-XMXXX,NOT IN OLD CATALOGUE
1053160000,FOUND EXACTLY
3VA1340-5EF42-0AA0,NOT IN OLD CATALOGUE
3SU1401-2BF30-1AA0,FOUND EXACTLY
3SU1401-1BC40-1AA0,FOUND EXACTLY
3RT2916-1BB00,FOUND EXACTLY
5SY4380-7,NOT IN OLD CATALOGUE
6SL3210-1KE21-3AP1,NOT IN OLD CATALOGUE
ENCY25042T,FOUND EXACTLY
5SL6303-7CC,NOT IN OLD CATALOGUE
3RT2026-1BB40,NOT IN OLD CATALOGUE
5SL6320-7CC,FOUND EXACTLY
3NW6112-1,NOT IN OLD CATALOGUE
1059180000,NOT IN OLD CATALOGUE
U60G250ECT-SXXXX,NOT IN OLD CATALOGUE
3RB3036-1WW1,NOT IN OLD CATALOGUE
U96G250EKT-SXXXX,NOT IN OLD CATALOGUE
7760056073,FOUND EXACTLY
3RT2037-1AV00,NOT IN OLD CATALOGUE
5SL6220-7CC,FOUND EXACTLY
3VA2125-6HL32-0AA0,NOT IN OLD CATALOGUE
3SU1401-1BB60-1AA0,FOUND EXACTLY
3VA2116-5HM32-0AA0,FOUND EXACTLY
3SU1100-2BF60-1BA0,FOUND EXACTLY
3VA1163-4ED22-0AA0,FOUND EXACTLY
2528610000,FOUND EXACTLY
U48O250EKT-SXXXX,NOT IN OLD CATALOGUE
U48O250EKT-SMXXX,NOT IN OLD CATALOGUE
1063120000,NOT IN OLD CATALOGUE
5SY6240-7CC,FOUND EXACTLY
ENCL25024T,NOT IN OLD CATALOGUE
6SL3255-0AA00-4CA1,FOUND - FORMAT DIFFERENCE
3SU1153-6AA50-1AA0,FOUND EXACTLY
3VA9908-0BB25,FOUND EXACTLY
3VA1340-4EF32-0AA0,FOUND EXACTLY
3VA1112-5EE32-0AA0,NOT IN OLD CATALOGUE
1165900010,FOUND EXACTLY
3VA9257-0HA10,FOUND EXACTLY
3SU1156-0AB40-1BA0,FOUND EXACTLY
3SU1106-0AB20-1CA0,FOUND EXACTLY
6SL3210-1KE18-8AF1,FOUND EXACTLY
3RT2025-1AF00,NOT IN OLD CATALOGUE
3WL9111-0AA65-0AA0,NOT IN OLD CATALOGUE
1021500000,FOUND EXACTLY
3RT2027-1AV00,NOT IN OLD CATALOGUE
U5430O250EKT-XM2XX,NOT IN OLD CATALOGUE
LK10,FOUND EXACTLY
3SK1211-1BB40,FOUND EXACTLY
U18G250EKT-SXXXX,NOT IN OLD CATALOGUE
3VA2063-6HN32-0AA0,FOUND EXACTLY
U2424G250ECT-SM2XX,FOUND - FORMAT DIFFERENCE
3RW4028-1BB04,NOT IN OLD CATALOGUE
3NW6117-1,NOT IN OLD CATALOGUE
1632090000,NOT IN OLD CATALOGUE
U84O250ECT-SM1XX,NOT IN OLD CATALOGUE
U96O250ECT-SMXXX,NOT IN OLD CATALOGUE
5SL4325-7CC,FOUND EXACTLY
6SE6400-3TC00-4AD2,NOT IN OLD CATALOGUE
U3030O250ECT-XM1XX,NOT IN OLD CATALOGUE
5SL6301-7CC,FOUND EXACTLY
U3636G250EKT-SMXXX,FOUND - FORMAT DIFFERENCE
3SU1000-0AA50-0AA0,NOT IN OLD CATALOGUE
3VA9088-0LB10,FOUND EXACTLY
U1212O250ECT-SMXXX,NOT IN OLD CATALOGUE
3SU1103-6AA20-1AA0,FOUND EXACTLY
1173910000,NOT IN OLD CATALOGUE
U3636O250ECT-SMXXX,NOT IN OLD CATALOGUE
5SV3344-6,FOUND EXACTLY
IA.20DCT,NOT IN OLD CATALOGUE
5SL6310-7CC,FOUND EXACTLY
3SU1401-1BC20-1AA0,FOUND EXACTLY
3VA2450-5KP32-0AA0,NOT IN OLD CATALOGUE
3SU1102-0AB20-1CA0,FOUND EXACTLY
3RT2037-1AB00,NOT IN OLD CATALOGUE
U6036G250EKT-XM1XX,NOT IN OLD CATALOGUE
3RT2916-1CD00,NOT IN OLD CATALOGUE
U24O250ECT-XMXXX,NOT IN OLD CATALOGUE
U36G250EKT-SMXXX,FOUND - FORMAT DIFFERENCE
3SU1102-0AB50-1BA0,FOUND EXACTLY
U4824O250EKT-SMXXX,NOT IN OLD CATALOGUE
5SL4216-7CC,FOUND EXACTLY
8950920000,NOT IN OLD CATALOGUE
U72G250ECT-SMXXX,NOT IN OLD CATALOGUE
3VA1125-3EE32-0AA0,FOUND EXACTLY
U84G250ECT-SMXXX,NOT IN OLD CATALOGUE
1036800000,NOT IN OLD CATALOGUE
3VA1140-5EF42-0AA0,NOT IN OLD CATALOGUE
U4848O250ECT-XM1XX,NOT IN OLD CATALOGUE
6SE6400-3TC14-5FD0,NOT IN OLD CATALOGUE
3VA1116-4ED22-0AA0,FOUND EXACTLY
3RT2027-1BF40,NOT IN OLD CATALOGUE
3VA1132-4ED12-0AA0,NOT IN OLD CATALOGUE
U96G250EKT-XMXXX,NOT IN OLD CATALOGUE
3RT2024-1AF00,NOT IN OLD CATALOGUE
DBEMLTK25,FOUND EXACTLY
U96O250ECT-XMXXX,NOT IN OLD CATALOGUE
U96G250ECT,FOUND EXACTLY
1762360000,NOT IN OLD CATALOGUE
6SL3261-1BA00-0AA0,NOT IN OLD CATALOGUE
9512420000,FOUND EXACTLY
3RT2015-1FB44-3MA0,FOUND EXACTLY
1028600000,NOT IN OLD CATALOGUE
3WL9111-0AA23-0AA0,NOT IN OLD CATALOGUE
5TL1392-0,NOT IN OLD CATALOGUE
2988470000,NOT IN OLD CATALOGUE
U36G250ECT-XMXXX,NOT IN OLD CATALOGUE
6SL3255-0AA00-4JA2,FOUND EXACTLY
3VA1150-5ED22-0AA0,FOUND EXACTLY
3VA2340-5HL32-0AA0,FOUND EXACTLY
3WA9111-0AF06,NOT IN OLD CATALOGUE
6ED1055-1FB00-0BA2,FOUND EXACTLY
5SY6205-7CC,NOT IN OLD CATALOGUE
1286600000,NOT IN OLD CATALOGUE
3025590000,NOT IN OLD CATALOGUE
U2412G250EKT-SMXXX,FOUND - FORMAT DIFFERENCE
U84G250ECT,FOUND - FORMAT DIFFERENCE
5SV9316-7NK20,FOUND EXACTLY
1037820000,NOT IN OLD CATALOGUE
3SU1061-0JB50-0AA0,FOUND EXACTLY
5SY6306-7CC,FOUND EXACTLY
3RT2028-1BP40,NOT IN OLD CATALOGUE
3VA2463-6HL42-0AA0,NOT IN OLD CATALOGUE
3SU1100-0AB20-1CA0,FOUND EXACTLY
3WA9111-0AF05,NOT IN OLD CATALOGUE
3VA1140-3ED22-0AA0,FOUND EXACTLY
5SY4250-7CC,FOUND EXACTLY
3NW6001-1,FOUND EXACTLY
5SL4125-7CC,FOUND EXACTLY
3RB3026-1NB0,FOUND EXACTLY
3VA2140-5KP32-0AA0,NOT IN OLD CATALOGUE
3RW4037-1BB14,NOT IN OLD CATALOGUE
3SU1400-1AA10-1FA0,FOUND EXACTLY
6EP3322-6SB10-0AY0,NOT IN OLD CATALOGUE
3RT2025-1BF40,NOT IN OLD CATALOGUE
0338300000,NOT IN OLD CATALOGUE
IND-M-24-GRN,FOUND EXACTLY
3RB3026-1SB0,FOUND EXACTLY
3VA1196-4ED12-0AA0,FOUND EXACTLY
3VA2325-5HL32-0AA0,NOT IN OLD CATALOGUE
3VA1120-4ED12-0AA0,FOUND EXACTLY
6SL3255-0VA00-2AA1,NOT IN OLD CATALOGUE
3VA9111-0WF30,FOUND EXACTLY
5SY6301-7CC,FOUND EXACTLY
ENCY25030U,FOUND EXACTLY
3VA1510-5EF32-0AA0,FOUND EXACTLY
U3636O250EKT-XMXXX,NOT IN OLD CATALOGUE
3VA1120-5ED12-0AA0,FOUND EXACTLY
3SU1156-6AA40-1AA0,FOUND EXACTLY
3VA1225-6EF32-0AA0,FOUND EXACTLY
3RT2028-1BF40,NOT IN OLD CATALOGUE
3VA1140-5EF32-0AA0,NOT IN OLD CATALOGUE
ENCY25012T,FOUND EXACTLY
5SY6163-7CC,FOUND EXACTLY
1020400000,FOUND EXACTLY
3WL9111-0AA66-0AA0,NOT IN OLD CATALOGUE
3UG4615-1CR20,NOT IN OLD CATALOGUE
3SU1050-4BL11-0AA0,FOUND EXACTLY
U4824G250EKT-XMXXX,NOT IN OLD CATALOGUE
3SU1106-6AA40-1AA0,FOUND EXACTLY
3VA9483-0QC00,FOUND EXACTLY
5SY4120-7CC,FOUND EXACTLY
3VA2010-6HN32-0AA0,FOUND EXACTLY
6SL3255-0VA00-4BA1,NOT IN OLD CATALOGUE
3RT2916-1EH00,NOT IN OLD CATALOGUE
3VA1132-4ED22-0AA0,FOUND EXACTLY
3RP2535-1AW30,FOUND EXACTLY
3VA2125-5HL42-0AA0,NOT IN OLD CATALOGUE
3RP2505-1AW30,FOUND EXACTLY
3VA1140-4EE32-0AA0,FOUND EXACTLY
5SU9354-7KK40,FOUND EXACTLY
3WL9111-0BA21-0AA0,NOT IN OLD CATALOGUE
3VA2140-5HL32-0AA0,NOT IN OLD CATALOGUE
5SY6104-7CC,FOUND EXACTLY
3VA1220-5EF42-0AA0,NOT IN OLD CATALOGUE
3VA1196-5EF32-0AA0,NOT IN OLD CATALOGUE
3VA2712-7AC03-0AA0,NOT IN OLD CATALOGUE
6SL3202-0AE23-8CA0,NOT IN OLD CATALOGUE
6SE6400-3CC01-0AB3,NOT IN OLD CATALOGUE
U3018O250EKT-SM2XX,NOT IN OLD CATALOGUE
3SU1152-6AA40-1AA0,FOUND EXACTLY
3VA2580-6HM32-0AA0,FOUND EXACTLY
3SU1050-0AA40-0AA0,NOT IN OLD CATALOGUE
3323207,FOUND EXACTLY
U4824G250ECT-XMXXX,NOT IN OLD CATALOGUE
3VA2340-0HL32-0AA0,NOT IN OLD CATALOGUE
U96O250ECT-SXXXX,NOT IN OLD CATALOGUE
U48G250EKT-XMXXX,NOT IN OLD CATALOGUE
3RN2012-1BW31,NOT IN OLD CATALOGUE
3VA2110-7HL32-0AA0,NOT IN OLD CATALOGUE
1052460000,FOUND EXACTLY
6SL3255-0VE00-0UA1,NOT IN OLD CATALOGUE
5SU9304-7KK10,FOUND EXACTLY
3VA1120-4EF42-0AA0,NOT IN OLD CATALOGUE
3SU1152-0AB50-1BA0,FOUND EXACTLY
3VA2116-5HN32-0AA0,FOUND EXACTLY
3VA2040-5HN32-0AA0,FOUND EXACTLY
6ED1055-1CB10-0BA2,FOUND EXACTLY
3VA1140-3EE32-0AA0,FOUND EXACTLY
1165900020,FOUND EXACTLY
3SU1401-2BC60-1AA0,FOUND EXACTLY
3SU1401-1BC50-1AA0,FOUND EXACTLY
3WA9111-0AE02,NOT IN OLD CATALOGUE
6SL3210-1KE14-3AF2,FOUND EXACTLY
U2412G250ECT-XMXXX,NOT IN OLD CATALOGUE
U24G250ECT,FOUND EXACTLY
3SU1000-0AA40-0AA0,NOT IN OLD CATALOGUE
0498000000,NOT IN OLD CATALOGUE
U84G250EKT,FOUND - FORMAT DIFFERENCE
6SL3210-1KE14-3AP2,NOT IN OLD CATALOGUE
1020260000,NOT IN OLD CATALOGUE
9005880000,NOT IN OLD CATALOGUE
5SY4202-7CC,FOUND EXACTLY
3VA2340-5HL42-0AA0,NOT IN OLD CATALOGUE
3VA2716-5AC03-0AA0,FOUND EXACTLY
1020060000,NOT IN OLD CATALOGUE
3VA9211-0WF30,FOUND EXACTLY
5SL4350-7CC,FOUND EXACTLY
3VA9988-0BL30,FOUND EXACTLY
3322207,FOUND EXACTLY
3VA9388-0LB10,FOUND EXACTLY
3RT2025-1BB40,NOT IN OLD CATALOGUE
3UL2304-1A,FOUND EXACTLY
3VA2716-6AC03-0AA0,FOUND EXACTLY
6SL3210-1KE32-4AF1,FOUND EXACTLY
5SL4302-7CC,FOUND EXACTLY
3VA2125-5KQ32-0AA0,NOT IN OLD CATALOGUE
3RT2025-1AB00,NOT IN OLD CATALOGUE
5SL6150-7CC,FOUND EXACTLY
T2000-PROMARK-KIT1,NOT IN OLD CATALOGUE
7760056263,FOUND EXACTLY
5SY6263-7CC,FOUND EXACTLY
3VA1132-3ED22-0AA0,FOUND EXACTLY
3VA9257-0HA20,FOUND EXACTLY
5SY6310-7CC,FOUND EXACTLY
U72O250ECT-SMXXX,NOT IN OLD CATALOGUE
ENCY25096U,FOUND EXACTLY
1020310000,NOT IN OLD CATALOGUE
5SL4340-7CC,FOUND EXACTLY
6SL3210-1KE21-7AP1,NOT IN OLD CATALOGUE
5SU9304-7KK40,FOUND EXACTLY
3VA1332-4EF42-0AA0,NOT IN OLD CATALOGUE
3RT2028-1AB00,NOT IN OLD CATALOGUE
5TL1191-1,FOUND EXACTLY
3SU1102-0AB60-1BA0,FOUND EXACTLY
3VA1112-3EF32-0AA0,FOUND EXACTLY
3RT2036-1NB34-3MA0,FOUND EXACTLY
3VA1332-6EF32-0AA0,FOUND EXACTLY
PB-P-BLK,FOUND EXACTLY
3VA9908-0BD12,NOT IN OLD CATALOGUE
6SL3210-1KE11-8AF2,FOUND EXACTLY
3VA1163-5EF32-0AA0,NOT IN OLD CATALOGUE
3UL2305-1A,FOUND EXACTLY
3VA9601-0WD30,FOUND EXACTLY
1022300000,NOT IN OLD CATALOGUE
3VA1196-4ED22-0AA0,FOUND EXACTLY
8881610000,NOT IN OLD CATALOGUE
5SY6340-7CC,FOUND EXACTLY
5SV9316-7PK32,FOUND EXACTLY
U2424O250EKT-XM2XX,NOT IN OLD CATALOGUE
3VA2510-5HN32-0AA0,FOUND EXACTLY
OKAKULK10,FOUND EXACTLY
3VA2612-6HL32-0AA0,FOUND EXACTLY
3VA2125-5HL32-0AA0,NOT IN OLD CATALOGUE
3SU1050-0AA10-0AA0,NOT IN OLD CATALOGUE
ENCY25060T,FOUND EXACTLY
3VA1196-5ED22-0AA0,FOUND EXACTLY
U3030G250ECT-SM1XX,FOUND - FORMAT DIFFERENCE
3SU1156-0AB30-1BA0,FOUND EXACTLY
3SU1401-2BC30-1AA0,FOUND EXACTLY
3VA1116-4EE32-0AA0,NOT IN OLD CATALOGUE
0164000000,NOT IN OLD CATALOGUE
3VA1116-5EE32-0AA0,NOT IN OLD CATALOGUE
5SL6101-7CC,FOUND EXACTLY
7760056068,FOUND EXACTLY
3SU1153-0AB30-1BA0,FOUND EXACTLY
U3030O250EKT-SM1XX,NOT IN OLD CATALOGUE
3VA9988-0BA22,NOT IN OLD CATALOGUE
IND-P-24-GRN,FOUND EXACTLY
U60O250ECT-SMXXX,NOT IN OLD CATALOGUE
JJY:023424020001,NOT IN OLD CATALOGUE
3VA2216-7MS32-0AA0,NOT IN OLD CATALOGUE
U84G250EKT-SM1XX,FOUND - FORMAT DIFFERENCE
PB-P-BLU,FOUND EXACTLY
3RB3133-4WW1,NOT IN OLD CATALOGUE
3VA1216-5EF42-0AA0,NOT IN OLD CATALOGUE
3VA2225-5KQ32-0AA0,NOT IN OLD CATALOGUE
3VA1450-5EF42-0AA0,NOT IN OLD CATALOGUE
U72G250EKT-XMXXX,NOT IN OLD CATALOGUE
1028700000,NOT IN OLD CATALOGUE
5SL4140-7CC,FOUND EXACTLY
3WL9111-0AA56-0AA0,NOT IN OLD CATALOGUE
3VA1163-5EE32-0AA0,FOUND EXACTLY
U36O250ECT-SXXXX,NOT IN OLD CATALOGUE
3322107,FOUND EXACTLY
3WL9111-0AT65-0AA0,NOT IN OLD CATALOGUE
U96O250EKT,FOUND - FORMAT DIFFERENCE
5SU9354-7KK20,FOUND EXACTLY
U2424O250ECT-XM2XX,NOT IN OLD CATALOGUE
3VA1150-5EF32-0AA0,NOT IN OLD CATALOGUE
U72G250ECT-XMXXX,NOT IN OLD CATALOGUE
3VA9267-0HC20,FOUND EXACTLY
2838440000,FOUND EXACTLY
1041900000,FOUND EXACTLY
3RB2056-1FW2,NOT IN OLD CATALOGUE
1016900000,NOT IN OLD CATALOGUE
ENCL25018T,NOT IN OLD CATALOGUE
U96G250ECT-SXXXX,NOT IN OLD CATALOGUE
U72G250ECT-SM1XX,FOUND - FORMAT DIFFERENCE
3RH2911-1DA20,FOUND EXACTLY
3VA9481-0WD30,FOUND EXACTLY
7910240000,NOT IN OLD CATALOGUE
1173890000,NOT IN OLD CATALOGUE
3VA1220-4EF42-0AA0,NOT IN OLD CATALOGUE
3VA1163-4EF32-0AA0,NOT IN OLD CATALOGUE
3VA2463-5HN32-0AA0,FOUND EXACTLY
3WL9111-0BB24-0AA0,NOT IN OLD CATALOGUE
3WL9111-0AT12-0AA0,NOT IN OLD CATALOGUE
3SU1060-0JB50-0AA0,FOUND EXACTLY
1050080000,NOT IN OLD CATALOGUE
U84O250ECT,FOUND - FORMAT DIFFERENCE
U84O250EKT-SXXXX,NOT IN OLD CATALOGUE
3VA9603-0QC00,FOUND EXACTLY
3326207,FOUND EXACTLY
5SP4392-7,FOUND EXACTLY
U24G250EKT-SXXXX,NOT IN OLD CATALOGUE
3RW4027-1BB04,NOT IN OLD CATALOGUE
3VA1140-4EF32-0AA0,NOT IN OLD CATALOGUE
3VA2780-6AC03-0AA0,NOT IN OLD CATALOGUE
3VA2063-5HN32-0AA0,FOUND EXACTLY
3RW4024-1BB14,NOT IN OLD CATALOGUE
3VA1132-5EF42-0AA0,NOT IN OLD CATALOGUE
3VA1120-3EF32-0AA0,NOT IN OLD CATALOGUE
5SY6140-7CC,FOUND EXACTLY
3VA1163-6EF32-0AA0,FOUND EXACTLY
3NW6003-1,FOUND EXACTLY
3VA1463-5EF32-0AA0,FOUND EXACTLY
1348590000,FOUND EXACTLY
5SL6263-7CC,FOUND EXACTLY
3VA1140-4ED12-0AA0,FOUND EXACTLY
3WL9111-0AA53-0AA0,NOT IN OLD CATALOGUE
3RB3036-1UW1,NOT IN OLD CATALOGUE
5SY6232-7CC,FOUND EXACTLY
3VW9723-0WF30,NOT IN OLD CATALOGUE
5SY6302-7CC,FOUND EXACTLY
3RT2036-1AF00,NOT IN OLD CATALOGUE
1020120000,NOT IN OLD CATALOGUE
5SY6132-7CC,FOUND EXACTLY
U3636G250ECT-XMXXX,NOT IN OLD CATALOGUE
U24O250ECT,FOUND - FORMAT DIFFERENCE
3SU1102-0AB30-1BA0,FOUND EXACTLY
9204190000,FOUND EXACTLY
ENCL25048T,NOT IN OLD CATALOGUE
5SL4150-7CC,FOUND EXACTLY
3SU1061-0JD20-0AA0,FOUND EXACTLY
3WL9111-0AG01-0AA0,NOT IN OLD CATALOGUE
7760056062,NOT IN OLD CATALOGUE
3VA2450-5KQ32-0AA0,NOT IN OLD CATALOGUE
U4242O250EKT-SM2XX,NOT IN OLD CATALOGUE
5SY4306-7CC,FOUND EXACTLY
3RT2024-1AP00,NOT IN OLD CATALOGUE
1351650000,NOT IN OLD CATALOGUE
3RH2911-1GA22,FOUND EXACTLY
3RB3046-1XB0,FOUND EXACTLY
3VA2510-6HM32-0AA0,FOUND EXACTLY
3VA1140-4EF42-0AA0,NOT IN OLD CATALOGUE
U48O250EKT,FOUND - FORMAT DIFFERENCE
U4824O250EKT-XMXXX,NOT IN OLD CATALOGUE
5TL1232-0,NOT IN OLD CATALOGUE
ENCY25018U,FOUND EXACTLY
3RT2024-1BF40,NOT IN OLD CATALOGUE
1855610000,FOUND EXACTLY
3326107,FOUND EXACTLY
3VA9153-0QB00,FOUND EXACTLY
5SL6140-7CC,FOUND EXACTLY
U72O250ECT-SXXXX,NOT IN OLD CATALOGUE
3WL9111-0BB13-0AA0,NOT IN OLD CATALOGUE
3VA1110-3ED12-0AA0,FOUND EXACTLY
3SU1106-6AA60-1AA0,FOUND EXACTLY
3RT2018-1FB44-3MA0,FOUND EXACTLY
3VA1132-5EF32-0AA0,NOT IN OLD CATALOGUE
3VA2340-6HN32-0AA0,FOUND EXACTLY
3RT2038-1AB00,NOT IN OLD CATALOGUE
5SY6332-7CC,FOUND EXACTLY
5ST3042,FOUND EXACTLY
U2412O250ECT-SMXXX,NOT IN OLD CATALOGUE
3SU1060-0JB20-0AA0,FOUND EXACTLY
U84O250EKT-SMXXX,NOT IN OLD CATALOGUE
0636900000,NOT IN OLD CATALOGUE
3VA2712-5AC03-0AA0,FOUND EXACTLY
3VA9153-0JA11,FOUND EXACTLY
3RB3026-1VB0,FOUND EXACTLY
5SY4325-7CC,FOUND EXACTLY
3RT2045-1AP00,NOT IN OLD CATALOGUE
3WA9111-0AE06,NOT IN OLD CATALOGUE
3SU1152-6AA50-1AA0,FOUND EXACTLY
U6036O250ECT-SM1XX,NOT IN OLD CATALOGUE
ENCY25024U,FOUND EXACTLY
7760056099,FOUND EXACTLY
7760056060,NOT IN OLD CATALOGUE
3RH2911-1GA40,FOUND EXACTLY
3VA1340-4EF42-0AA0,NOT IN OLD CATALOGUE
5SU9354-7KK16,FOUND EXACTLY
7760056104,FOUND EXACTLY
3VA2710-6AC03-0AA0,NOT IN OLD CATALOGUE
3VA1580-6EF32-0AA0,FOUND EXACTLY
6SL3210-1KE22-6AF1,FOUND EXACTLY
6EP3311-6SB00-0AY0,NOT IN OLD CATALOGUE
3RT2926-1CD00,NOT IN OLD CATALOGUE
3VA2225-5HM32-0AA0,FOUND EXACTLY
5TL1191-0,NOT IN OLD CATALOGUE
U4824O250ECT-SMXXX,NOT IN OLD CATALOGUE
3VA2340-6HL42-0AA0,NOT IN OLD CATALOGUE
1736980000,NOT IN OLD CATALOGUE
3VA2225-0HL32-0AA0,NOT IN OLD CATALOGUE
3SU1153-6AA30-1AA0,FOUND EXACTLY
3SU1152-6AA00-1AA0,NOT IN OLD CATALOGUE
U5430O250ECT-SM2XX,NOT IN OLD CATALOGUE
3SU1100-1HB20-1CG0,FOUND EXACTLY
U72O250ECT-XMXXX,NOT IN OLD CATALOGUE
5SY6325-7CC,FOUND EXACTLY
5SL6340-7CC,FOUND EXACTLY
3RB2153-4FW2,NOT IN OLD CATALOGUE
5SY4305-7,NOT IN OLD CATALOGUE
3RH2921-1DA11,FOUND EXACTLY
3SU1156-6AA50-1AA0,FOUND EXACTLY
U72O250ECT-XM1XX,NOT IN OLD CATALOGUE
3VA1225-5EF32-0AA0,FOUND EXACTLY
3SU1152-0AB40-1BA0,FOUND EXACTLY
3VA1125-5ED22-0AA0,FOUND EXACTLY
3RT2023-1AP00,NOT IN OLD CATALOGUE
5SY4180-7,NOT IN OLD CATALOGUE
3VA9988-0AA12,FOUND EXACTLY
IND-P-24-AMB,NOT IN OLD CATALOGUE
U3030O250EKT-XM1XX,NOT IN OLD CATALOGUE
EVA3250H,FOUND EXACTLY
3VA2163-5HL32-0AA0,NOT IN OLD CATALOGUE
3VA1463-6EF32-0AA0,FOUND EXACTLY
3SU1106-6AA30-1AA0,FOUND EXACTLY
U48O250ECT-SMXXX,NOT IN OLD CATALOGUE
3VA9253-0QB00,FOUND EXACTLY
U84O250EKT,FOUND - FORMAT DIFFERENCE
3RW4026-1BB14,NOT IN OLD CATALOGUE
2988310000,NOT IN OLD CATALOGUE
3RH2921-1DA20,FOUND EXACTLY
3VA2340-6HM32-0AA0,FOUND EXACTLY
3VA1463-4EF42-0AA0,NOT IN OLD CATALOGUE
U4218G250EKT-XM1XX,NOT IN OLD CATALOGUE
DBEMLTK25K,FOUND EXACTLY
5ST3030,FOUND EXACTLY
5SY4105-7,NOT IN OLD CATALOGUE
5ST3020,FOUND EXACTLY
3VA2116-5KP32-0AA0,FOUND EXACTLY
5SV9316-7PK10,FOUND EXACTLY
3VA2510-6HN32-0AA0,FOUND EXACTLY
U1212O250ECT-XMXXX,NOT IN OLD CATALOGUE
3VA1116-6EF32-0AA0,FOUND EXACTLY
3RB3026-1PB0,FOUND EXACTLY
1020200000,FOUND EXACTLY
3VA2580-5HM32-0AA0,FOUND EXACTLY
3VA2716-7AC03-0AA0,NOT IN OLD CATALOGUE
U3018G250ECT-XM2XX,NOT IN OLD CATALOGUE
3VA1150-6EF32-0AA0,FOUND EXACTLY
OKAKULK10YR,FOUND EXACTLY
5SY6110-7CC,FOUND EXACTLY
3RT2046-1AV00,NOT IN OLD CATALOGUE
U5430G250EKT-XM2XX,NOT IN OLD CATALOGUE
U36G250ECT-SMXXX,NOT IN OLD CATALOGUE
3VA2340-6HL32-0AA0,FOUND EXACTLY
KU1V,FOUND EXACTLY
U1212O250EKT-SMXXX,NOT IN OLD CATALOGUE
3VA9111-0WG30,FOUND EXACTLY
3RH2911-1HA21,NOT IN OLD CATALOGUE
3RT2025-1AV00,NOT IN OLD CATALOGUE
3SU1156-0AB50-1BA0,FOUND EXACTLY
U72G250EKT-SM1XX,FOUND - FORMAT DIFFERENCE
1010500000,FOUND EXACTLY
9006450000,FOUND EXACTLY
U2424O250ECT-SM2XX,NOT IN OLD CATALOGUE
5SY4110-7CC,FOUND EXACTLY
3RT2046-1AB00,NOT IN OLD CATALOGUE
5SL4132-7CC,FOUND EXACTLY
5SY4320-7CC,FOUND EXACTLY
3SU1401-2BF40-1AA0,FOUND EXACTLY
3RH2911-1GA13,FOUND EXACTLY
7910180000,FOUND EXACTLY
5SL6350-7CC,FOUND EXACTLY
U4218O250ECT-SM1XX,NOT IN OLD CATALOGUE
3VA1180-5EF42-0AA0,NOT IN OLD CATALOGUE
U1212G250EKT-XMXXX,NOT IN OLD CATALOGUE
3VA1132-3ED12-0AA0,NOT IN OLD CATALOGUE
5SU9304-7KK32,FOUND EXACTLY
7760056101,FOUND EXACTLY
3RT2038-1AP00,NOT IN OLD CATALOGUE
U48G250EKT-SXXXX,NOT IN OLD CATALOGUE
5SL6306-7CC,FOUND EXACTLY
3SU1100-2BF60-1MA0,FOUND EXACTLY
5TL1292-0,NOT IN OLD CATALOGUE
3SU1500-0AA10-0AA0,FOUND EXACTLY
1028400000,NOT IN OLD CATALOGUE
3VA9988-0BL32,FOUND EXACTLY
3WA9111-0AE04,NOT IN OLD CATALOGUE
3RB3016-1RB0,FOUND EXACTLY
U60G250ECT-XMXXX,NOT IN OLD CATALOGUE
7760056098,FOUND EXACTLY
U72G250ECT,FOUND EXACTLY
3VA2110-5HL46-0AA0,NOT IN OLD CATALOGUE
3RW4047-1BB14,NOT IN OLD CATALOGUE
3RA2931-1A,NOT IN OLD CATALOGUE
U3030G250EKT-SM1XX,FOUND - FORMAT DIFFERENCE
5SP4180-7,FOUND EXACTLY
3VA9481-0WF30,FOUND EXACTLY
5SL6304-7CC,FOUND EXACTLY
ENCY25048U,FOUND EXACTLY
3VA1116-4EF32-0AA0,FOUND EXACTLY
ENCL25084T,NOT IN OLD CATALOGUE
U24O250ECT-SMXXX,NOT IN OLD CATALOGUE
3VA1110-5ED22-0AA0,FOUND EXACTLY
3SU1100-0AB50-1BA0,FOUND EXACTLY
5TT5833-0,NOT IN OLD CATALOGUE
0636800000,NOT IN OLD CATALOGUE
U72G250ECT-XM1XX,NOT IN OLD CATALOGUE
6SL3210-5BE27-5CV0,FOUND EXACTLY
3VA1112-6EF32-0AA0,FOUND EXACTLY
3RB3046-1XW1,NOT IN OLD CATALOGUE
3WL9111-0AE05-0AA0,NOT IN OLD CATALOGUE
3SU1153-6AA20-1AA0,FOUND EXACTLY
3RA1941-1A,NOT IN OLD CATALOGUE
U48O250ECT-XM1XX,NOT IN OLD CATALOGUE
3VA2612-7HL32-0AA0,NOT IN OLD CATALOGUE
5SL4310-7CC,FOUND EXACTLY
3WL9111-0AF01-0AA0,NOT IN OLD CATALOGUE
3VA2010-6HM32-0AA0,FOUND EXACTLY
3VA1196-3EF32-0AA0,NOT IN OLD CATALOGUE
1889560000,NOT IN OLD CATALOGUE
3VA1112-5ED12-0AA0,FOUND EXACTLY
3VA2110-5HL32-0AA0,NOT IN OLD CATALOGUE
1011080000,FOUND EXACTLY
3UL2302-1A,FOUND EXACTLY
0117500000,FOUND EXACTLY
3RW4038-1BB14,NOT IN OLD CATALOGUE
3VA2025-5HL36-0AA0,NOT IN OLD CATALOGUE
5SL6210-7CC,FOUND EXACTLY
3RB3016-1TB0,FOUND EXACTLY
1037810000,NOT IN OLD CATALOGUE
3VA2463-5HL42-0AA0,NOT IN OLD CATALOGUE
SEL3-P-NO,FOUND EXACTLY
6SL3210-1KE17-5AF1,FOUND EXACTLY
U3018G250ECT-SM2XX,FOUND - FORMAT DIFFERENCE
3VA2440-5HL32-0AA0,NOT IN OLD CATALOGUE
3VA1150-4EE32-0AA0,FOUND EXACTLY
U96G250EKT,FOUND EXACTLY
3SU1401-1BF60-1AA0,FOUND EXACTLY
5SY6204-7CC,FOUND EXACTLY
2774960000,FOUND EXACTLY
3WL9111-0AA31-0AA0,NOT IN OLD CATALOGUE
3RT2036-1AV00,NOT IN OLD CATALOGUE
3VA9908-0BB10,NOT IN OLD CATALOGUE
6SL3210-1KE21-3AF1,FOUND EXACTLY
U84G250EKT-XM1XX,NOT IN OLD CATALOGUE
1020090000,NOT IN OLD CATALOGUE
7760056061,NOT IN OLD CATALOGUE
3SU1061-0JD50-0AA0,FOUND EXACTLY
3VA2340-5HN42-0AA0,NOT IN OLD CATALOGUE
1050100000,FOUND EXACTLY
6SE6400-4BD11-0AA0,NOT IN OLD CATALOGUE
3RT2926-1CC00,NOT IN OLD CATALOGUE
3VA2463-6HL32-0AA0,FOUND EXACTLY
1122850000,NOT IN OLD CATALOGUE
3VA9988-0BL33,FOUND EXACTLY
5SL4220-7CC,FOUND EXACTLY
3VA1510-6EF32-0AA0,FOUND EXACTLY
3RT2027-1AP00,NOT IN OLD CATALOGUE
U3030O250ECT-SM1XX,NOT IN OLD CATALOGUE
9512240000,NOT IN OLD CATALOGUE
5SY6363-7CC,FOUND EXACTLY
5SY4263-7CC,FOUND EXACTLY
3RB3016-1SB0,FOUND EXACTLY
3VA1140-5ED22-0AA0,FOUND EXACTLY
5SY4316-7CC,FOUND EXACTLY
3NW6224-1,FOUND - FORMAT DIFFERENCE
5SL6116-7CC,FOUND EXACTLY
3VA2116-5HL36-0AA0,NOT IN OLD CATALOGUE
U48G250ECT-SXXXX,NOT IN OLD CATALOGUE
5SY4240-7CC,FOUND EXACTLY
3WL9111-0AA32-0AA0,NOT IN OLD CATALOGUE
1020360000,NOT IN OLD CATALOGUE
3WL9111-0AT81-0AA0,NOT IN OLD CATALOGUE
3RT2916-1CB00,NOT IN OLD CATALOGUE
5SY6206-7CC,FOUND EXACTLY
ENCL25060T,NOT IN OLD CATALOGUE
3WL9111-0AA22-0AA0,NOT IN OLD CATALOGUE
5SY6116-7CC,FOUND EXACTLY
7760056058,NOT IN OLD CATALOGUE
3VA2010-5HM32-0AA0,FOUND EXACTLY
3WL9111-0AT45-0AA0,NOT IN OLD CATALOGUE
3SU1156-6AA00-1AA0,NOT IN OLD CATALOGUE
7760056227,NOT IN OLD CATALOGUE
3VA9253-0QC00,FOUND EXACTLY
3VA1110-5EF42-0AA0,NOT IN OLD CATALOGUE
3VA2040-6HL32-0AA0,FOUND EXACTLY
5SL4320-7CC,FOUND EXACTLY
U5430G250ECT-SM2XX,FOUND - FORMAT DIFFERENCE
3RT2026-1BF40,NOT IN OLD CATALOGUE
IA.PC3X-35250/5A,NOT IN OLD CATALOGUE
EVA3160H,FOUND EXACTLY
6SL3202-0AE21-8CA0,NOT IN OLD CATALOGUE
6SL3210-1KE13-2AF2,FOUND EXACTLY
3VA1180-4ED22-0AA0,FOUND EXACTLY
1020010000,NOT IN OLD CATALOGUE
3WL9111-0BB21-0AA0,NOT IN OLD CATALOGUE
6SL3210-1KE23-8AF1,FOUND EXACTLY
3RT2027-1FB44-3MA0,FOUND EXACTLY
3SU1106-0AB50-1BA0,FOUND EXACTLY
3VA1180-3ED12-0AA0,FOUND EXACTLY
1027060000,NOT IN OLD CATALOGUE
1020040000,NOT IN OLD CATALOGUE
3VA1125-3ED22-0AA0,FOUND EXACTLY
7760056108,NOT IN OLD CATALOGUE
U24G250EKT-XMXXX,NOT IN OLD CATALOGUE
3SU1156-6AA30-1AA0,FOUND EXACTLY
3UF7941-0AA00-0,FOUND EXACTLY
5TL1180-0,NOT IN OLD CATALOGUE
3WL9111-0AA54-0AA0,NOT IN OLD CATALOGUE
3SU1060-0JB60-0AA0,FOUND EXACTLY
ENCY25024T,FOUND EXACTLY
1608620000,NOT IN OLD CATALOGUE
7760056105,NOT IN OLD CATALOGUE
5TL1391-1,FOUND EXACTLY
3SK1213-1AL20,NOT IN OLD CATALOGUE
3SE5232-0HC05,NOT IN OLD CATALOGUE
5SU9304-7KK25,FOUND EXACTLY
ENCY25060U,FOUND EXACTLY
5SY6216-7CC,FOUND EXACTLY
3SU1103-6AA40-1AA0,FOUND EXACTLY
1762370000,NOT IN OLD CATALOGUE
3VA1196-3ED12-0AA0,FOUND EXACTLY
3RT2025-1AP00,NOT IN OLD CATALOGUE
U60G250EKT-SXXXX,NOT IN OLD CATALOGUE
3SU1150-1HB20-1CG0,FOUND EXACTLY
3SU1061-0JB20-0AA0,FOUND EXACTLY
U2424G250EKT-XM2XX,NOT IN OLD CATALOGUE
3VA9603-0QB00,FOUND EXACTLY
3VA1112-5EF42-0AA0,NOT IN OLD CATALOGUE
6NH9860-1AA00,FOUND EXACTLY
3VA1332-4EF32-0AA0,FOUND EXACTLY
3RT1946-4EA1,FOUND EXACTLY
5TT5802-0,FOUND EXACTLY
3SU1400-2AA10-1CA0,FOUND EXACTLY
3WL9111-0AA33-0AA0,NOT IN OLD CATALOGUE
3RT2926-1BD00,FOUND EXACTLY
PB-M-BLK,FOUND EXACTLY
3VA9267-0HC30,FOUND EXACTLY
ENCY25036U,FOUND EXACTLY
3SU1103-0AB20-1CA0,FOUND EXACTLY
3VA1132-4EF42-0AA0,NOT IN OLD CATALOGUE
7760056088,NOT IN OLD CATALOGUE
IND-M-24-AMB,NOT IN OLD CATALOGUE
U48G250ECT-XM1XX,NOT IN OLD CATALOGUE
3RT2038-1AF00,NOT IN OLD CATALOGUE
3SU1061-0JD70-0AA0,FOUND EXACTLY
U1818G250EKT-SMXXX,FOUND - FORMAT DIFFERENCE
9005860000,NOT IN OLD CATALOGUE
3VA1110-4EE32-0AA0,FOUND EXACTLY
3SU1156-0AB20-1CA0,FOUND EXACTLY
3VA9157-0FK21,FOUND EXACTLY
0353500000,NOT IN OLD CATALOGUE
5ST3012,FOUND EXACTLY
3VA1163-3ED12-0AA0,FOUND EXACTLY
5TL1691-0,NOT IN OLD CATALOGUE
3SU1150-0AB30-1BA0,FOUND EXACTLY
U48G250ECT-SMXXX,NOT IN OLD CATALOGUE
U36O250ECT-SMXXX,NOT IN OLD CATALOGUE
5SV3347-6,FOUND EXACTLY
1020500000,FOUND EXACTLY
3VA1180-4EF42-0AA0,NOT IN OLD CATALOGUE
U84G250ECT-SXXXX,NOT IN OLD CATALOGUE
ENCY25012U,FOUND EXACTLY
3VA2063-6HM32-0AA0,FOUND EXACTLY
3RT2036-1AB00,NOT IN OLD CATALOGUE
5ST3806,FOUND EXACTLY
3SU1401-1BB30-1AA0,FOUND EXACTLY
5SU9354-7KK32,FOUND EXACTLY
3VA2463-5KP32-0AA0,FOUND EXACTLY
7760056069,FOUND EXACTLY
3VW9727-0EK11,NOT IN OLD CATALOGUE
1063110000,NOT IN OLD CATALOGUE
5SL6104-7CC,FOUND EXACTLY
1052260000,FOUND EXACTLY
1020190000,NOT IN OLD CATALOGUE
6SE6400-3TC07-5ED0,NOT IN OLD CATALOGUE
1020380000,FOUND EXACTLY
0514570000,FOUND EXACTLY
3VA1225-5EF42-0AA0,NOT IN OLD CATALOGUE
3VA1110-4EF42-0AA0,NOT IN OLD CATALOGUE
3VA9687-0FK21,FOUND EXACTLY
3VA1150-5EE32-0AA0,FOUND EXACTLY
3VA2116-5KQ32-0AA0,NOT IN OLD CATALOGUE
3VA2010-7HL32-0AA0,NOT IN OLD CATALOGUE
3VA2116-7HL32-0AA0,NOT IN OLD CATALOGUE
2528620000,FOUND EXACTLY
1165900015,FOUND EXACTLY
5SL6163-7CC,FOUND EXACTLY
1037800000,NOT IN OLD CATALOGUE
U6036O250EKT-XM1XX,NOT IN OLD CATALOGUE
3VA2225-6HM32-0AA0,FOUND EXACTLY
3VA2063-5HM32-0AA0,FOUND EXACTLY
3SU1401-2BB40-1AA0,FOUND EXACTLY
3NW6220-1,FOUND - FORMAT DIFFERENCE
3RT2926-1BB00,FOUND EXACTLY
3VA2225-6HL42-0AA0,NOT IN OLD CATALOGUE
3RT2026-1AF00,NOT IN OLD CATALOGUE
5TL1363-0,NOT IN OLD CATALOGUE
U3636G250ECT-SMXXX,FOUND - FORMAT DIFFERENCE
5TL1363-1,FOUND EXACTLY
3SU1156-6AA20-1AA0,FOUND EXACTLY
6SE6400-4BD21-2DA0,NOT IN OLD CATALOGUE
3VA2225-5HL32-0AA0,FOUND EXACTLY
U84G250EKT-SMXXX,FOUND - FORMAT DIFFERENCE
6SL3201-0BE21-0AA0,NOT IN OLD CATALOGUE
3RT2916-1BE00,NOT IN OLD CATALOGUE
U48G250ECT-SM1XX,FOUND - FORMAT DIFFERENCE
5SY6202-7CC,FOUND EXACTLY
5TL1240-0,NOT IN OLD CATALOGUE
3VA1150-3ED22-0AA0,FOUND EXACTLY
3VA2612-5HN32-0AA0,FOUND EXACTLY
9512200000,FOUND EXACTLY
3RW4027-1BB14,NOT IN OLD CATALOGUE
5SY4232-7CC,FOUND EXACTLY
U72O250EKT-XMXXX,NOT IN OLD CATALOGUE
1855620000,FOUND EXACTLY
3VA2510-5HL32-0AA0,FOUND EXACTLY
U18O250EKT,FOUND - FORMAT DIFFERENCE
7760056225,NOT IN OLD CATALOGUE
3RT2926-1ER00,NOT IN OLD CATALOGUE
3VA1140-6EF32-0AA0,FOUND EXACTLY
U84O250EKT-XMXXX,NOT IN OLD CATALOGUE
3VA1150-3EF32-0AA0,NOT IN OLD CATALOGUE
3RP2574-1NW30,FOUND EXACTLY
3VA2580-5KQ32-0AA0,FOUND EXACTLY
3VA1120-5EF42-0AA0,NOT IN OLD CATALOGUE
U4242G250ECT-XM2XX,NOT IN OLD CATALOGUE
3VA2116-7HL36-0AA0,NOT IN OLD CATALOGUE
3RW4036-1BB14,NOT IN OLD CATALOGUE
U36O250ECT,FOUND - FORMAT DIFFERENCE
3VA9908-0BB11,FOUND EXACTLY
3VA1150-4EF42-0AA0,NOT IN OLD CATALOGUE
U84O250EKT-SM1XX,NOT IN OLD CATALOGUE
3SU1400-2AA10-1BA0,FOUND EXACTLY
3VA1110-4ED22-0AA0,FOUND EXACTLY
3WL9111-0AG03-0AA0,NOT IN OLD CATALOGUE
U72O250EKT-SXXXX,NOT IN OLD CATALOGUE
3SU1061-0JB40-0AA0,FOUND EXACTLY
3VA2063-5HL32-0AA0,FOUND EXACTLY
3VA2010-6HL32-0AA0,FOUND EXACTLY
7760056089,NOT IN OLD CATALOGUE
3SU1102-6AA30-1AA0,FOUND EXACTLY
1631930000,FOUND EXACTLY
3VA9588-0LB10,FOUND EXACTLY
5SY4163-7CC,FOUND EXACTLY
1036760000,NOT IN OLD CATALOGUE
3RH2911-1HA01,FOUND EXACTLY
5SP4380-7,FOUND EXACTLY
3VA1116-5ED22-0AA0,FOUND EXACTLY
3NW6006-1,NOT IN OLD CATALOGUE
5SL6102-7CC,FOUND EXACTLY
U2424O250EKT-SM2XX,NOT IN OLD CATALOGUE
3RH2911-1GA04,FOUND EXACTLY
3RT2026-1BP40,NOT IN OLD CATALOGUE
3WL9111-0AA55-0AA0,NOT IN OLD CATALOGUE
3RT2023-1BB40,NOT IN OLD CATALOGUE
5SL4210-7CC,FOUND EXACTLY
3WL9111-0AT53-0AA0,NOT IN OLD CATALOGUE
0295900000,NOT IN OLD CATALOGUE
3UG4622-1AA30,NOT IN OLD CATALOGUE
3VA2040-6HN32-0AA0,FOUND EXACTLY
3VA1125-5EF32-0AA0,NOT IN OLD CATALOGUE
3VA2040-5HL32-0AA0,FOUND EXACTLY
3SU1900-0AN10-0AA0,FOUND EXACTLY
3325107,FOUND EXACTLY
5SY6316-7CC,FOUND EXACTLY
U1818O250ECT-XMXXX,NOT IN OLD CATALOGUE
3SU1060-0JB30-0AA0,FOUND EXACTLY
3RT2026-1AV00,NOT IN OLD CATALOGUE
3RA1953-2A,NOT IN OLD CATALOGUE
8881630000,NOT IN OLD CATALOGUE
7760056084,NOT IN OLD CATALOGUE
5SY6304-7CC,FOUND EXACTLY
3VA2325-6HL32-0AA0,NOT IN OLD CATALOGUE
5SL6125-7CC,FOUND EXACTLY
3VA2163-6HL32-0AA0,NOT IN OLD CATALOGUE
1020020000,NOT IN OLD CATALOGUE
U4218G250EKT-SM1XX,FOUND - FORMAT DIFFERENCE
3RT2027-1BP40,NOT IN OLD CATALOGUE
3VA2510-5KQ32-0AA0,FOUND EXACTLY
U4848G250EKT-SM1XX,FOUND - FORMAT DIFFERENCE
5SY4350-7CC,FOUND EXACTLY
3WL9111-0AB18-0AA0,NOT IN OLD CATALOGUE
3RB3016-1NB0,FOUND EXACTLY
3VA1225-4EF42-0AA0,NOT IN OLD CATALOGUE
3VA2116-6HN32-0AA0,FOUND EXACTLY
5SP4292-7,NOT IN OLD CATALOGUE
5SY4220-7CC,FOUND EXACTLY
1220260000,NOT IN OLD CATALOGUE
5SY4303-7,NOT IN OLD CATALOGUE
3327107,FOUND EXACTLY
5SL4163-7CC,FOUND EXACTLY
2528590000,FOUND EXACTLY
8731640000,FOUND EXACTLY
3RT2037-1AF00,NOT IN OLD CATALOGUE
5SY6320-7CC,FOUND EXACTLY
3VA2216-5HL32-0AA0,NOT IN OLD CATALOGUE
3NW6010-1,FOUND EXACTLY
3VA1180-5ED12-0AA0,FOUND EXACTLY
5SL6250-7CC,FOUND EXACTLY
U60G250ECT-SMXXX,NOT IN OLD CATALOGUE
U72O250EKT,FOUND - FORMAT DIFFERENCE
3VA1132-5ED12-0AA0,FOUND EXACTLY
3324107,FOUND EXACTLY
U5430G250EKT-SM2XX,FOUND - FORMAT DIFFERENCE
U18G250ECT,FOUND EXACTLY
3WL9111-0AD06-0AA0,NOT IN OLD CATALOGUE
5SL6232-7CC,FOUND EXACTLY
3RW4046-1BB14,NOT IN OLD CATALOGUE
6ES7972-0BA52-0XA0,NOT IN OLD CATALOGUE
U60G250ECT,FOUND - FORMAT DIFFERENCE
6EP3331-6SB00-0AY0,NOT IN OLD CATALOGUE
3VA1112-5EF32-0AA0,FOUND EXACTLY
5SV9316-7NK16,FOUND EXACTLY
5TL1291-1,NOT IN OLD CATALOGUE
3SU1400-1AA10-1CA0,FOUND EXACTLY
3RT2024-1BB40,NOT IN OLD CATALOGUE
3VA2580-6HN32-0AA0,FOUND EXACTLY
3SK1213-1AJ20,NOT IN OLD CATALOGUE
3VA1450-6EF32-0AA0,FOUND EXACTLY
3SU1062-2DF60-0AA0,FOUND EXACTLY
IND-P-230-GRN,FOUND EXACTLY
3UG4625-1CW30,NOT IN OLD CATALOGUE
U1212O250EKT-XMXXX,NOT IN OLD CATALOGUE
U4824G250EKT-SMXXX,FOUND - FORMAT DIFFERENCE
3SU1150-0AB60-1BA0,FOUND EXACTLY
3SU1401-2BC50-1AA0,FOUND EXACTLY
3SU1102-6AA60-1AA0,FOUND EXACTLY
3RT2046-1AP00,NOT IN OLD CATALOGUE
3RT2916-1BD00,FOUND EXACTLY
SEL2-P-NO,FOUND EXACTLY
3SU1401-1BF50-1AA0,FOUND EXACTLY
3VA1132-3EE32-0AA0,FOUND EXACTLY
5SY4216-7CC,FOUND EXACTLY
0178100000,NOT IN OLD CATALOGUE
U18O250EKT-SXXXX,NOT IN OLD CATALOGUE
5SY4206-7CC,FOUND EXACTLY
U4824O250ECT-XMXXX,NOT IN OLD CATALOGUE
3VA1196-4EF42-0AA0,NOT IN OLD CATALOGUE
3SU1106-6AA00-1AA0,NOT IN OLD CATALOGUE
3VA2225-5HN32-0AA0,FOUND EXACTLY
3VA2040-6HM32-0AA0,FOUND EXACTLY
3SK1213-1AB40,FOUND EXACTLY
3WL9111-0AA58-0AA0,NOT IN OLD CATALOGUE
ESTOP-M,FOUND EXACTLY
3VA9267-0FK21,FOUND EXACTLY
3RB2066-1MC2,FOUND EXACTLY
6SL3000-2BE32-1AA0,NOT IN OLD CATALOGUE
3WL9111-0AT16-0AA0,NOT IN OLD CATALOGUE
6SL3210-1KE15-8AP2,NOT IN OLD CATALOGUE
5TL1291-0,NOT IN OLD CATALOGUE
3VA1180-4ED12-0AA0,FOUND EXACTLY
U48O250ECT,FOUND - FORMAT DIFFERENCE
3RH2911-1HA11,FOUND EXACTLY
3VA1196-5EF42-0AA0,NOT IN OLD CATALOGUE
3RT1065-6SP36-3PA0,NOT IN OLD CATALOGUE
7760056096,FOUND EXACTLY
1176000000,FOUND EXACTLY
3RH2921-1DA02,FOUND EXACTLY
3RN2000-1AW30,NOT IN OLD CATALOGUE
3VA2025-6HN32-0AA0,FOUND EXACTLY
U48O250EKT-XMXXX,NOT IN OLD CATALOGUE
U3018O250EKT-XM2XX,NOT IN OLD CATALOGUE
3VA1163-4ED12-0AA0,FOUND EXACTLY
3WL9111-0AH14-0AA0,NOT IN OLD CATALOGUE
3NW6107-1,NOT IN OLD CATALOGUE
3VA2710-5AC03-0AA0,NOT IN OLD CATALOGUE
3VA9257-0FK21,FOUND EXACTLY
3WL9111-0AA64-0AA0,NOT IN OLD CATALOGUE
3VA2025-5HN32-0AA0,FOUND EXACTLY
1020000000,FOUND EXACTLY
U36O250EKT,FOUND - FORMAT DIFFERENCE
5SY6210-7CC,FOUND EXACTLY
5SU9354-7KK06,FOUND EXACTLY
7760056075,FOUND EXACTLY
3SU1152-0AB60-1BA0,FOUND EXACTLY
3VA1463-5EF42-0AA0,NOT IN OLD CATALOGUE
5ST3801,NOT IN OLD CATALOGUE
3VA9263-0JA12,FOUND EXACTLY
5SY6120-7CC,FOUND EXACTLY
ENCY25048T,FOUND EXACTLY
U3636G250EKT-XMXXX,NOT IN OLD CATALOGUE
3VA2450-7MS32-0AA0,NOT IN OLD CATALOGUE
3SU1102-6AA00-1AA0,NOT IN OLD CATALOGUE
7760056264,FOUND EXACTLY
3UG4512-1AR20,NOT IN OLD CATALOGUE
3RT2017-1FB44-3MA0,FOUND EXACTLY
3VA1140-4ED22-0AA0,FOUND EXACTLY
3VA1450-5EF32-0AA0,FOUND EXACTLY
3RT1056-6SP36-3PA0,NOT IN OLD CATALOGUE
5SY4203-7,NOT IN OLD CATALOGUE
1010200000,FOUND EXACTLY
1037720000,NOT IN OLD CATALOGUE
3VA2563-7HL32-0AA0,NOT IN OLD CATALOGUE
3RH2911-1HA10,FOUND EXACTLY
3VA1116-3EF32-0AA0,FOUND EXACTLY
3VA9601-0WF30,FOUND EXACTLY
1122880000,NOT IN OLD CATALOGUE
6EP3330-6SB00-0AY0,NOT IN OLD CATALOGUE
3SU1102-0AB40-1BA0,FOUND EXACTLY
3VA1163-4EF42-0AA0,NOT IN OLD CATALOGUE
U36G250ECT-SXXXX,NOT IN OLD CATALOGUE
3SU1106-6AA20-1AA0,FOUND EXACTLY
3NW6008-1,NOT IN OLD CATALOGUE
U18G250EKT,FOUND - FORMAT DIFFERENCE
3VA1116-5EF42-0AA0,NOT IN OLD CATALOGUE
7940008494,NOT IN OLD CATALOGUE
7760056095,NOT IN OLD CATALOGUE
3VA1112-3ED22-0AA0,FOUND EXACTLY
1020080000,FOUND EXACTLY
3SU1401-2BF20-1AA0,FOUND EXACTLY
5SL4232-7CC,FOUND EXACTLY
3VA2040-5HM32-0AA0,FOUND EXACTLY
3VA9467-0HA20,FOUND EXACTLY
3VA1132-4EF32-0AA0,NOT IN OLD CATALOGUE
1059000000,FOUND EXACTLY
5SY4103-7,NOT IN OLD CATALOGUE
3VA1120-4EE32-0AA0,FOUND EXACTLY
3SU1150-0AB20-1CA0,FOUND EXACTLY
3SK1111-1AW20,FOUND EXACTLY
3WL9111-0AG02-0AA0,NOT IN OLD CATALOGUE
3VA1332-5EF42-0AA0,NOT IN OLD CATALOGUE
3SU1061-0JB30-0AA0,FOUND EXACTLY
PB-P-GRN,FOUND EXACTLY
U1818G250ECT-SMXXX,FOUND - FORMAT DIFFERENCE
3VA2780-7AC03-0AA0,NOT IN OLD CATALOGUE
3VA9157-0HA20,FOUND EXACTLY
U48G250EKT-SM1XX,FOUND - FORMAT DIFFERENCE
3SU1900-0AC16-0AA0,FOUND EXACTLY
6ED1055-1MB00-0BA2,FOUND EXACTLY
3RH2911-1DA11,FOUND EXACTLY
1028300000,NOT IN OLD CATALOGUE
3NW6012-1,FOUND EXACTLY
5SL6202-7CC,FOUND EXACTLY
ESTOP-P,FOUND EXACTLY
5SP4280-7,NOT IN OLD CATALOGUE
3WL9111-0AA63-0AA0,NOT IN OLD CATALOGUE
3VA2440-7MS32-0AA0,NOT IN OLD CATALOGUE
ENCY25018T,FOUND EXACTLY
3RT2047-1AP00,NOT IN OLD CATALOGUE
6SL3210-1KE31-4AF1,FOUND EXACTLY
6SL3210-1KE17-5AP1,NOT IN OLD CATALOGUE
6ED1055-1NB10-0BA2,FOUND EXACTLY
5SL6240-7CC,FOUND EXACTLY
3VA1196-5ED12-0AA0,FOUND EXACTLY
3VA1163-5ED12-0AA0,FOUND EXACTLY
3SU1060-0JB10-0AA0,FOUND EXACTLY
3RW4026-1BB04,NOT IN OLD CATALOGUE
1028800000,NOT IN OLD CATALOGUE
U3030G250ECT-XM1XX,NOT IN OLD CATALOGUE
7760056097,FOUND EXACTLY
3VA1120-5EF32-0AA0,NOT IN OLD CATALOGUE
3UL2303-1A,FOUND EXACTLY
U24O250ECT-SXXXX,NOT IN OLD CATALOGUE
3SU1100-0AB10-1BA0,FOUND EXACTLY
U36O250EKT-SXXXX,NOT IN OLD CATALOGUE
5SY6250-7CC,FOUND EXACTLY
3SU1401-1BB20-1AA0,FOUND EXACTLY
3WL9111-0AA62-0AA0,NOT IN OLD CATALOGUE
3VA9988-0BA23,NOT IN OLD CATALOGUE
3RP2525-1BW30,FOUND EXACTLY
3RT2028-1FB44-3MA0,FOUND EXACTLY
3325207,FOUND EXACTLY
U48O250ECT-XMXXX,NOT IN OLD CATALOGUE
3WL9111-0AA57-0AA0,NOT IN OLD CATALOGUE
3VA2025-5HL32-0AA0,FOUND EXACTLY
3WL9111-0AT66-0AA0,NOT IN OLD CATALOGUE
3RT2036-1AP00,NOT IN OLD CATALOGUE
3SU1103-0AB50-1BA0,FOUND EXACTLY
3RH1921-1JA11,NOT IN OLD CATALOGUE
1165900030,FOUND EXACTLY
0194300000,NOT IN OLD CATALOGUE
U4848O250EKT-XM1XX,NOT IN OLD CATALOGUE
1020160000,NOT IN OLD CATALOGUE
5SL4301-7CC,FOUND EXACTLY
U4848O250ECT-SM1XX,NOT IN OLD CATALOGUE
3VA1110-5EE32-0AA0,FOUND EXACTLY
3RT2035-1AP00,NOT IN OLD CATALOGUE
3VA1180-3EF32-0AA0,NOT IN OLD CATALOGUE
7760056169,NOT IN OLD CATALOGUE
6SE6400-3TC05-4DD0,NOT IN OLD CATALOGUE
3VA2340-5KQ32-0AA0,NOT IN OLD CATALOGUE
7760056079,NOT IN OLD CATALOGUE
7760056067,NOT IN OLD CATALOGUE
3RT2016-1FB44-3MA0,FOUND EXACTLY
ENCY25042U,FOUND EXACTLY
3VA1163-3EE32-0AA0,FOUND EXACTLY
U5430O250EKT-SM2XX,NOT IN OLD CATALOGUE
6SL3202-0AE16-1CA0,NOT IN OLD CATALOGUE
3WL9111-0BA41-0AA0,NOT IN OLD CATALOGUE
U36G250ECT,FOUND EXACTLY
3SU1102-6AA50-1AA0,FOUND EXACTLY
2838460000,FOUND EXACTLY
3VA1196-4EE32-0AA0,FOUND EXACTLY
3VA2125-5KP32-0AA0,NOT IN OLD CATALOGUE
3VA1510-5EF42-0AA0,NOT IN OLD CATALOGUE
3VA1116-4EF42-0AA0,NOT IN OLD CATALOGUE
3RH2911-1HA20,NOT IN OLD CATALOGUE
ENCY25072T,FOUND EXACTLY
5SY4302-7CC,FOUND EXACTLY
3VA1132-5ED22-0AA0,FOUND EXACTLY
3SU1401-1BC60-1AA0,FOUND EXACTLY
3VA1150-5EF42-0AA0,NOT IN OLD CATALOGUE
3SU1401-2BB30-1AA0,FOUND EXACTLY
3SU1400-1AA10-1BA0,FOUND EXACTLY
7KM5412-6CA00-1EA8,NOT IN OLD CATALOGUE
5TL1263-0,NOT IN OLD CATALOGUE
U24G250EKT-SMXXX,FOUND - FORMAT DIFFERENCE
3VA1110-3EE32-0AA0,FOUND EXACTLY
3RT2926-1CB00,NOT IN OLD CATALOGUE
3RB3036-1WB0,FOUND EXACTLY
7760056059,NOT IN OLD CATALOGUE
3SU1152-6AA60-1AA0,FOUND EXACTLY
7910210000,FOUND EXACTLY
3VA2116-6HM32-0AA0,FOUND EXACTLY
IND-P-230-RED,FOUND EXACTLY
3SU1103-0AB60-1BA0,FOUND EXACTLY
3VA1332-5EF32-0AA0,FOUND EXACTLY
5SP4291-7,NOT IN OLD CATALOGUE
5SL6132-7CC,FOUND EXACTLY
3VA1125-3ED12-0AA0,FOUND EXACTLY
3VA1125-5EE32-0AA0,FOUND EXACTLY
0383560000,NOT IN OLD CATALOGUE
L300AD11,FOUND EXACTLY
3VA1112-4EF32-0AA0,FOUND EXACTLY
3VA2580-6HL32-0AA0,FOUND EXACTLY
3RB2066-1GC2,FOUND EXACTLY
5SL6216-7CC,FOUND EXACTLY
3SU1150-0AB50-1BA0,FOUND EXACTLY
3VA2463-5HL32-0AA0,FOUND EXACTLY
U84G250EKT-XMXXX,NOT IN OLD CATALOGUE
U84O250ECT-SMXXX,NOT IN OLD CATALOGUE
U48O250ECT-SXXXX,NOT IN OLD CATALOGUE
U4848O250EKT-SM1XX,NOT IN OLD CATALOGUE
6ED1055-1MD00-0BA2,FOUND EXACTLY
3VA1180-5ED22-0AA0,FOUND EXACTLY
5SY6105-7CC,NOT IN OLD CATALOGUE
U72G250EKT-XM1XX,NOT IN OLD CATALOGUE
3SU1103-0AB40-1BA0,FOUND EXACTLY
U84O250EKT-XM1XX,NOT IN OLD CATALOGUE
5TL1332-0,NOT IN OLD CATALOGUE
3VA1112-4ED12-0AA0,FOUND EXACTLY
5SP4391-7,FOUND EXACTLY
7760056074,NOT IN OLD CATALOGUE
U96O250EKT-XMXXX,NOT IN OLD CATALOGUE
3SU1401-1BF30-1AA0,FOUND EXACTLY
3VA1180-6EF32-0AA0,FOUND EXACTLY
U4824G250ECT-SMXXX,FOUND - FORMAT DIFFERENCE
3VA2110-5KP32-0AA0,NOT IN OLD CATALOGUE
3VA2025-5HM32-0AA0,FOUND EXACTLY
U2424G250EKT-SM2XX,FOUND - FORMAT DIFFERENCE
3VA1120-3ED12-0AA0,FOUND EXACTLY
3NW6004-1,FOUND EXACTLY
3SU1103-6AA60-1AA0,FOUND EXACTLY
6SL3201-0BE14-3AA0,NOT IN OLD CATALOGUE
3VA1120-6EF32-0AA0,FOUND EXACTLY
3NW6011-1,FOUND EXACTLY
1122840000,FOUND EXACTLY
3VA1196-5EE32-0AA0,FOUND EXACTLY
3VA1196-4EF32-0AA0,NOT IN OLD CATALOGUE
3VA2063-6HL42-0AA0,NOT IN OLD CATALOGUE
3RB2163-4GC2,FOUND EXACTLY
5SY4201-7CC,FOUND EXACTLY
3NW6222-1,FOUND - FORMAT DIFFERENCE
5SL6316-7CC,FOUND EXACTLY
3RW4036-1BB04,NOT IN OLD CATALOGUE
3VA1110-3ED22-0AA0,FOUND EXACTLY
2838410000,FOUND EXACTLY
2838480000,FOUND EXACTLY
U24O250EKT-XMXXX,NOT IN OLD CATALOGUE
3VA9221-0WF30,FOUND EXACTLY
1018790000,FOUND EXACTLY
3SU1153-0AB60-1BA0,FOUND EXACTLY
3VA1116-5EF32-0AA0,FOUND EXACTLY
3VA1225-4EF32-0AA0,FOUND EXACTLY
3RT2026-1AB00,NOT IN OLD CATALOGUE
U36G250EKT-XMXXX,NOT IN OLD CATALOGUE
3SK1211-1BW20,NOT IN OLD CATALOGUE
6EP3322-6SB00-0AY0,NOT IN OLD CATALOGUE
1064170000,FOUND EXACTLY
3VA9467-0HA10,FOUND EXACTLY
5SY4363-7CC,FOUND EXACTLY
U24O250EKT-SXXXX,NOT IN OLD CATALOGUE
6SL3210-5BB17-5BV1,NOT IN OLD CATALOGUE
2528630000,FOUND EXACTLY
3VA2225-5KP32-0AA0,FOUND EXACTLY
0236500000,FOUND EXACTLY
3VA2340-5KP32-0AA0,FOUND EXACTLY
PB-M-GRN,FOUND EXACTLY
5SY4125-7CC,FOUND EXACTLY
U4242O250ECT-SM2XX,NOT IN OLD CATALOGUE
3SU1401-1BF40-1AA0,FOUND EXACTLY
5SV3314-6,FOUND EXACTLY
6SL3210-5BB15-5BV1,NOT IN OLD CATALOGUE
5SY6203-7CC,NOT IN OLD CATALOGUE
U3018G250EKT-SM2XX,FOUND - FORMAT DIFFERENCE
1053360000,FOUND EXACTLY
6EP3321-6SB10-0AY0,NOT IN OLD CATALOGUE
3VA2220-7MS32-0AA0,NOT IN OLD CATALOGUE
3VA1163-3ED22-0AA0,FOUND EXACTLY
3VA1125-4EE32-0AA0,FOUND EXACTLY
5SL6204-7CC,FOUND EXACTLY
U2412G250ECT-SMXXX,FOUND - FORMAT DIFFERENCE
U6036G250EKT-SM1XX,FOUND - FORMAT DIFFERENCE
3SU1100-0AB30-1BA0,FOUND EXACTLY
5SL6110-7CC,FOUND EXACTLY
3VA1120-4ED22-0AA0,FOUND EXACTLY
3SU1401-1BF00-1AA0,NOT IN OLD CATALOGUE
U4242G250EKT-XM2XX,NOT IN OLD CATALOGUE
1010300000,FOUND EXACTLY
3RT2026-1FB44-3MA0,FOUND EXACTLY
3SU1401-2BF50-1AA0,FOUND EXACTLY
3SU1100-0AB40-1BA0,FOUND EXACTLY
3VA9211-0WG30,FOUND EXACTLY
5SY6350-7CC,FOUND EXACTLY
9005890000,NOT IN OLD CATALOGUE
3VA1180-4EF32-0AA0,NOT IN OLD CATALOGUE
5SY4310-7CC,FOUND EXACTLY
3SU1401-2BB50-1AA0,FOUND EXACTLY
3RB3046-1UB0,FOUND EXACTLY
3VA1216-4EF32-0AA0,FOUND EXACTLY
3SU1000-4BL11-0AA0,FOUND EXACTLY
1122750000,FOUND EXACTLY
3SU1200-0FB10-0AA0,FOUND EXACTLY
5SY4104-7CC,FOUND EXACTLY
5SP4191-7,FOUND EXACTLY
IA.PC3X-45400/5A,NOT IN OLD CATALOGUE
5SV9316-7PK20,FOUND EXACTLY
3RT2916-1BC00,NOT IN OLD CATALOGUE
U24G250ECT-SXXXX,NOT IN OLD CATALOGUE
3SU1106-0AB30-1BA0,FOUND EXACTLY
3RT2027-1AF00,NOT IN OLD CATALOGUE
3VA1112-4EF42-0AA0,NOT IN OLD CATALOGUE
5SL6332-7CC,FOUND EXACTLY
U72G250ECT-SXXXX,NOT IN OLD CATALOGUE
6ED1058-0BA08-0YA1,FOUND EXACTLY
6ED1055-1CB00-0BA2,FOUND EXACTLY
U3018O250ECT-XM2XX,NOT IN OLD CATALOGUE
3VA2612-5HL32-0AA0,FOUND EXACTLY
3RW4037-1BB04,NOT IN OLD CATALOGUE
3RB2153-4FC2,FOUND EXACTLY
3VA9467-0FK21,FOUND EXACTLY
3VA2163-5KQ32-0AA0,NOT IN OLD CATALOGUE
3VA2340-5HN32-0AA0,FOUND EXACTLY
3SU1401-2BC20-1AA0,FOUND EXACTLY
3VA1120-3ED22-0AA0,FOUND EXACTLY
3VA1180-3EE32-0AA0,FOUND EXACTLY
3SU1401-1BB40-1AA0,FOUND EXACTLY
5SV3316-6,FOUND EXACTLY
5SY6125-7CC,FOUND EXACTLY
1010400000,FOUND EXACTLY
3VA1450-4EF32-0AA0,FOUND EXACTLY
5SY6201-7CC,FOUND EXACTLY
3VA1216-6EF32-0AA0,FOUND EXACTLY
7760056106,NOT IN OLD CATALOGUE
3SU1156-0AB60-1BA0,FOUND EXACTLY
3RT2037-1NB34-3MA0,FOUND EXACTLY
U60G250EKT-SMXXX,FOUND - FORMAT DIFFERENCE
U6036O250ECT-XM1XX,NOT IN OLD CATALOGUE
3UL2307-1A,FOUND EXACTLY
1020580000,FOUND EXACTLY
3VA1150-4EF32-0AA0,NOT IN OLD CATALOGUE
IND-P-24-RED,FOUND EXACTLY
1063730000,NOT IN OLD CATALOGUE
U72G250EKT-SXXXX,NOT IN OLD CATALOGUE
5TL1163-1,FOUND EXACTLY
6ED1055-1MA00-0BA2,FOUND EXACTLY
3VA2116-6HL32-0AA0,FOUND EXACTLY
3VA1180-5EF32-0AA0,NOT IN OLD CATALOGUE
5SY4225-7CC,FOUND EXACTLY
1011000000,FOUND EXACTLY
3RT2024-1AB00,NOT IN OLD CATALOGUE
2988460000,NOT IN OLD CATALOGUE
U48O250EKT-SM1XX,NOT IN OLD CATALOGUE
IND-M-230-RED,FOUND EXACTLY
3VA1116-5ED12-0AA0,FOUND EXACTLY
U2424G250ECT-XM2XX,NOT IN OLD CATALOGUE
U1212G250ECT-SMXXX,FOUND - FORMAT DIFFERENCE
3VA2110-5HL42-0AA0,NOT IN OLD CATALOGUE
3VA1220-4EF32-0AA0,FOUND EXACTLY
3VA1116-4ED12-0AA0,FOUND EXACTLY
DBEMLTK40,FOUND EXACTLY
1122970000,NOT IN OLD CATALOGUE
6ED1055-1HB00-0BA2,FOUND EXACTLY
ENCY25030T,FOUND EXACTLY
ENCL25036T,NOT IN OLD CATALOGUE
9512190000,FOUND EXACTLY
5SY4140-7CC,FOUND EXACTLY
